:020000040000fa
:080000000002040000000000f2
:020000040000fa
:040008008608000066
:020000040000fa
:04000c000a080000de
:020000040000fa
:040010002a080000ba
:020000040000fa
:04001400c60800001a
:020000040000fa
:04001800a608000036
:020000040000fa
:04001c0034090000a3
:020000040000fa
:040020004a0800008a
:020000040000fa
:04002400340900009b
:020000040000fa
:040028003409000097
:020000040000fa
:04002c003409000093
:020000040000fa
:04003000340900008f
:020000040000fa
:04003400340900008b
:020000040000fa
:040038003409000087
:020000040000fa
:04003c003409000083
:020000040000fa
:04004000340900007f
:020000040000fa
:040044000e090000a1
:020000040000fa
:040048003409000077
:020000040000fa
:04004c003409000073
:020000040000fa
:04005000340900006f
:020000040000fa
:04005400340900006b
:020000040000fa
:040058003409000067
:020000040000fa
:04005c003409000063
:020000040000fa
:04006000340900005f
:020000040000fa
:04006400340900005b
:020000040000fa
:040068003409000057
:020000040000fa
:04006c008a070000ff
:020000040000fa
:04007000340900004f
:020000040000fa
:04007400340900004b
:020000040000fa
:040078003409000047
:020000040000fa
:04007c003409000043
:020000040000fa
:04008000340900003f
:020000040000fa
:04008400340900003b
:020000040000fa
:040088003409000037
:020000040000fa
:04008c003409000033
:020000040000fa
:04009000340900002f
:020000040000fa
:04009400340900002b
:020000040000fa
:040098003409000027
:020000040000fa
:04009c003409000023
:020000040000fa
:0400a000340900001f
:020000040000fa
:0400a400340900001b
:020000040000fa
:0400a8003409000017
:020000040000fa
:0400ac003409000013
:020000040000fa
:0400b000340900000f
:020000040000fa
:0400b400340900000b
:020000040000fa
:0400b8003409000007
:020000040000fa
:0400bc003409000003
:020000040000fa
:0400c00034090000ff
:020000040000fa
:0400c40034090000fb
:020000040000fa
:0400c80034090000f7
:020000040000fa
:0400cc0034090000f3
:020000040000fa
:0400d00034090000ef
:020000040000fa
:0400d40034090000eb
:020000040000fa
:0400d80034090000e7
:020000040000fa
:0400dc00e808000030
:020000040000fa
:0400e00034090000df
:020000040000fa
:0400e40034090000db
:020000040000fa
:0400e80034090000d7
:020000040000fa
:0400ec0034090000d3
:020000040000fa
:0400f00034090000cf
:020000040000fa
:0400f40034090000cb
:020000040000fa
:0400f80034090000c7
:020000040000fa
:0400fc0034090000c3
:020000040000fa
:0401000034090000be
:020000040000fa
:0401040034090000ba
:020000040000fa
:0401080034090000b6
:020000040000fa
:04010c0034090000b2
:020000040000fa
:0401100034090000ae
:020000040000fa
:0401140034090000aa
:020000040000fa
:0401180034090000a6
:020000040000fa
:04011c0034090000a2
:020000040000fa
:04012000340900009e
:020000040000fa
:04012400340900009a
:020000040000fa
:04012800ca07000002
:020000040000fa
:04012c003409000092
:020000040000fa
:04013000340900008e
:020000040000fa
:04013400340900008a
:020000040000fa
:040138003409000086
:020000040000fa
:04013c003409000082
:020000040000fa
:04014000340900007e
:020000040000fa
:04014400340900007a
:020000040000fa
:040148003409000076
:020000040000fa
:04014c003409000072
:020000040000fa
:04015000340900006e
:020000040000fa
:04015400340900006a
:020000040000fa
:040158003409000066
:020000040000fa
:04015c003409000062
:020000040000fa
:04016000340900005e
:020000040000fa
:04016400340900005a
:020000040000fa
:040168003409000056
:020000040000fa
:04016c003409000052
:020000040000fa
:04017000340900004e
:020000040000fa
:04017400340900004a
:020000040000fa
:040178003409000046
:020000040000fa
:04017c003409000042
:020000040000fa
:04018000340900003e
:020000040000fa
:04018400340900003a
:020000040000fa
:040188003409000036
:020000040000fa
:04018c003409000032
:020000040000fa
:040190002e05000038
:020000040000fa
:04019400160600004b
:020000040000fa
:040198005406000009
:020000040000fa
:04019c0092060000c7
:020000040000fa
:0401a000d006000085
:020000040000fa
:0401a4000e07000042
:020000040000fa
:0401a8003409000016
:020000040000fa
:0401ac003409000012
:020000040000fa
:0401b000340900000e
:020000040000fa
:0401b400340900000a
:020000040000fa
:0401b8004c070000f0
:020000040000fa
:0401bc003409000002
:020000040000fa
:0401c00034090000fe
:020000040000fa
:0401c40034090000fa
:020000040000fa
:0401c80034090000f6
:020000040000fa
:0401cc0034090000f2
:020000040000fa
:0401d00034090000ee
:020000040000fa
:0401d40034090000ea
:020000040000fa
:0401d80034090000e6
:020000040000fa
:0401dc0034090000e2
:020000040000fa
:0401e00034090000de
:020000040000fa
:0401e40034090000da
:020000040000fa
:0401e80034090000d6
:020000040000fa
:0401ec0034090000d2
:020000040000fa
:0401f00034090000ce
:020000040000fa
:0401f40034090000ca
:020000040000fa
:0401f80034090000c6
:020000040000fa
:0401fc0034090000c2
:020000040000fa
:0402000034090000bd
:020000040000fa
:0402040034090000b9
:020000040000fa
:0402080034090000b5
:020000040000fa
:04020c0034090000b1
:020000040000fa
:0402100034090000ad
:020000040000fa
:0402140034090000a9
:020000040000fa
:0402180034090000a5
:020000040000fa
:04021c0034090000a1
:020000040000fa
:04022000340900009d
:020000040000fa
:040224003409000099
:020000040000fa
:040228003409000095
:020000040000fa
:04022c003409000091
:020000040000fa
:04023000340900008d
:020000040000fa
:040234003409000089
:020000040000fa
:040238003409000085
:020000040000fa
:04023c003409000081
:020000040000fa
:04024000340900007d
:020000040000fa
:040244003409000079
:020000040000fa
:040248003409000075
:020000040000fa
:04024c003409000071
:020000040000fa
:04025000340900006d
:020000040000fa
:040254003409000069
:020000040000fa
:040258003409000065
:020000040000fa
:04025c003409000061
:020000040000fa
:04026000340900005d
:020000040000fa
:040264003409000059
:020000040000fa
:040268003409000055
:020000040000fa
:04026c003409000051
:020000040000fa
:04027000340900004d
:020000040000fa
:040274003409000049
:020000040000fa
:040278003409000045
:020000040000fa
:04027c003409000041
:020000040000fa
:04028000340900003d
:020000040000fa
:040284003409000039
:020000040000fa
:040288003409000035
:020000040000fa
:04028c003409000031
:020000040000fa
:04029000340900002d
:020000040000fa
:040294003409000029
:020000040000fa
:040298003409000025
:020000040000fa
:04029c003409000021
:020000040000fa
:0402a000340900001d
:020000040000fa
:0402a4003409000019
:020000040000fa
:0402a8003409000015
:020000040000fa
:0402ac003409000011
:020000040000fa
:0402b000340900000d
:020000040000fa
:0402b4003409000009
:020000040000fa
:0402b8003409000005
:020000040000fa
:0402bc003409000001
:020000040000fa
:0402c00034090000fd
:020000040000fa
:0402c40034090000f9
:020000040000fa
:0402c80034090000f5
:020000040000fa
:0402cc0034090000f1
:020000040000fa
:0402d00034090000ed
:020000040000fa
:0402d40034090000e9
:020000040000fa
:0402d80034090000e5
:020000040000fa
:0402dc0034090000e1
:020000040000fa
:0402e00034090000dd
:020000040000fa
:0402e40034090000d9
:020000040000fa
:0402e80034090000d5
:020000040000fa
:0402ec0034090000d1
:020000040000fa
:0402f00034090000cd
:020000040000fa
:0402f40034090000c9
:020000040000fa
:0402f80034090000c5
:020000040000fa
:0402fc0034090000c1
:020000040000fa
:0403000034090000bc
:020000040000fa
:0403040034090000b8
:020000040000fa
:0403080034090000b4
:020000040000fa
:04030c0034090000b0
:020000040000fa
:0403100034090000ac
:020000040000fa
:0403140034090000a8
:020000040000fa
:0403180034090000a4
:020000040000fa
:04031c0034090000a0
:020000040000fa
:04032000340900009c
:020000040000fa
:040324003409000098
:020000040000fa
:10040000af5f22000eff22000e01880000000000f6
:10041000000020000000e000020032000001200087
:100420002002880014000700910307000000e0008c
:1004300003003a00c0fc2500010020000200370044
:100440000000200001002000810f70000100320038
:100450000f000700000020000000e0000200320052
:100460000000020000000000b05102000000000087
:100470000040da000000fe00801620000000e000ce
:1004800002003200002020009001880000000600d9
:10049000a1028800800478000000eb001f003700f4
:1004a000e284440054a0b4009905ba00e2844400f8
:1004b00054a0b4009906ba00e284440054a0b400e9
:1004c0000006eb00476fde00fd07b200ae018800ba
:1004d000636ce10003003a000ad801000000eb0061
:1004e0000e003700606ce10008003a00004deb00a0
:1004f0000a05e800020039003420ec000af0a000f0
:100500008b05e900f9ff3e00040037006168e10057
:10051000010032000086eb000b00070019c7ba008b
:100520001905ba000e04e00003003a000a00e000da
:10053000dbff3a0000000600fe07b200ae028800b2
:100540008a047800f5ff37000cd0a300e20f4d00bd
:100550001c003b0089027800354dba000a05e8000e
:10056000020039003420ec000af0a0008b05e900fd
:100570000f003200254dba000a05e80002003900dc
:100580003420ec000af0a0008b05e90008003200de
:100590000c00e0000600320015cdba000a05e800a4
:1005a000020039003420ec000af0a0008b05e900bd
:1005b0008984e80054a0b4000b00e000e2ff3a0098
:1005c000000006009902ba00055d78008b05e9007d
:1005d000f7ff3200c82ade00055d78008b05e900d0
:1005e000f3ff32000c00e000f1ff320019ddba0029
:1005f000eeff3700000000000000000000000000d7
:1006000000000000000000000000000000000000ea
:1006100000000000000000000000000000000000da
:1006200000000000000000000000000000000000ca
:1006300000000000000000000000000000000000ba
:1006400000000000000000000000000000000000aa
:10065000000000000000000000000000000000009a
:10066000000000000000000000000000000000008a
:10067000000000000000000000000000000000007a
:10068000000000000000000000000000000000006a
:10069000000000000000000000000000000000005a
:1006a000000000000000000000000000000000004a
:1006b000000000000000000000000000000000003a
:1006c000000000000000000000000000000000002a
:1006d000000000000000000000000000000000001a
:1006e000000000000000000000000000000000000a
:1006f00000000000000000000000000000000000fa
:1007000000000000000000000000000000000000e9
:1007100000000000000000000000000000000000d9
:1007200000000000000000000000000000000000c9
:1007300000000000000000000000000000000000b9
:1007400000000000000000000000000000000000a9
:100750000000000000000000000000000000000099
:100760000000000000000000000000000000000089
:100770000000000000000000000000000000000079
:100780000000000000000000000000000000000069
:100790000000000000000000000000000000000059
:1007a0000000000000000000000000000000000049
:1007b0000000000000000000000000000000000039
:1007c0000000000000000000000000000000000029
:1007d0000000000000000000000000000000000019
:1007e0000000000000000000000000000000000009
:1007f00000000000000000000000000000000000f9
:1008000000000000000000000000000000000000e8
:1008100000000000000000000000000000000000d8
:1008200000000000000000000000000000000000c8
:1008300000000000000000000000000000000000b8
:1008400000000000000000000000000000000000a8
:100850000000000000000000000000000000000098
:100860000000000000000000000000000000000088
:100870000000000000000000000000000000000078
:100880000000000000000000000000000000000068
:100890000000000000000000000000000000000058
:1008a0000000000000000000000000000000000048
:1008b0000000000000000000000000000000000038
:1008c0000000000000000000000000000000000028
:1008d0000000000000000000000000000000000018
:1008e0000000000000000000000000000000000008
:1008f00000000000000000000000000000000000f8
:1009000000000000000000000000000000000000e7
:1009100000000000000000000000000000000000d7
:1009200000000000000000000000000000000000c7
:1009300000000000000000000000000000000000b7
:1009400000000000000000000000000000000000a7
:100950000000000000000000000000000000000097
:100960000000000000000000000000000000000087
:100970000000000000000000000000000000000077
:100980000000000000000000000000000000000067
:100990000000000000000000000000000000000057
:1009a0000000000000000000000000000000000047
:1009b0000000000000000000000000000000000037
:1009c0000000000000000000000000000000000027
:1009d0000000000000000000000000000000000017
:1009e0000000000000000000000000000000000007
:1009f00000000000000000000000000000000000f7
:100a000000000000000000000000000000000000e6
:100a100000000000000000000000000000000000d6
:100a200000000000000000000000000000000000c6
:100a300000000000000000000000000000000000b6
:100a400000000000000000000000000000000000a6
:100a50000000000000000000000000003600f80068
:100a6000809fbe00829fbe00849fbe00869fbe0006
:100a70003200f8003400f80010002000a0018800c7
:100a80000020200000d0fe000200fa0060818000fb
:100a90000000e000020032006081800000000100e0
:100aa0005140800000802000008060000000e000d5
:100ab0000a00320061608000010f780070818000c0
:100ac0000000e00004003200728180009e00780087
:100ad0000000eb00020001000b68a90051408000fb
:100ae00000002100008060000000e0000a003200e9
:100af00071608000010f7800708180000000e000cc
:100b000004003200728180009e00780010002000f6
:100b1000020001000b88a900514080000000220063
:100b2000008060000000e0000a0032008160800068
:100b3000010f7800708180000000e00004003200a6
:100b4000728180009e0078002000200002000100d9
:100b50000ba8a90051408000000024000080600024
:100b60000000e0000a00320091608000010f780070
:100b7000708180000000e00004003200728180007b
:100b80009e00780030002000020001000bc8a90080
:100b90005140800000002800008060000000e0005c
:100ba0000a003200a1608000010f7800708180008f
:100bb0000000e00004003200728180009e00780096
:100bc00040002000020001000be8a9006040800006
:100bd000700060000000e0000a003200f160800058
:100be000010f7800708180000000e00004003200f6
:100bf000728180009e0078005000200002000100f9
:100c00000c88a9000b48a9000080fa003400f90004
:100c10003200f9004f03be004f02be004f01be007c
:100c20004f00be003600f900004006003600f80014
:100c3000809fbe00829fbe00849fbe00869fbe0034
:100c40003200f8003400f80010002000a0018800f5
:100c50000020200000d0fe000200fa006160800049
:100c6000010f7800708180000000e0000400320075
:100c7000728180009e0078000000eb0002000100fd
:100c80000b68a9000080fa003400f9003200f90076
:100c90004f03be004f02be004f01be004f00be001a
:100ca0003600f900004006003600f800809fbe00c4
:100cb000829fbe00849fbe00869fbe003200f80067
:100cc0003400f80010002000a0018800002020005f
:100cd00000d0fe000200fa0071608000010f780071
:100ce000708180000000e00004003200728180000a
:100cf0009e00780010002000020001000b88a9006f
:100d00000080fa003400f9003200f9004f03be0001
:100d10004f02be004f01be004f00be003600f9007a
:100d2000004006003600f800809fbe00829fbe0093
:100d3000849fbe00869fbe003200f8003400f80099
:100d400010002000a00188000020200000d0fe003c
:100d50000200fa0081608000010f7800708180003d
:100d60000000e00004003200728180009e007800e4
:100d700020002000020001000ba8a9000080fa005a
:100d80003400f9003200f9004f03be004f02be00ec
:100d90004f01be004f00be003600f90000400600c3
:100da0003600f800809fbe00829fbe00849fbe0078
:100db000869fbe003200f8003400f80010002000ca
:100dc000a00188000020200000d0fe000200fa00f0
:100dd00091608000010f7800708180000000e000c9
:100de00004003200728180009e00780030002000f4
:100df000020001000bc8a9000080fa003400f900cd
:100e00003200f9004f03be004f02be004f01be008a
:100e10004f00be003600f900004006003600f80022
:100e2000809fbe00829fbe00849fbe00869fbe0042
:100e30003200f8003400f80010002000a001880003
:100e40000020200000d0fe000200fa00a160800017
:100e5000010f7800708180000000e0000400320083
:100e6000728180009e007800400020000200010096
:100e70000be8a9000080fa003400f9003200f90004
:100e80004f03be004f02be004f01be004f00be0028
:100e90003600f900004006003600f800809fbe00d2
:100ea000829fbe00849fbe00869fbe003200f80075
:100eb0003400f80010002000a0018800002020006d
:100ec00000d0fe000200fa00f1608000010f7800ff
:100ed000708180000000e000040032007281800018
:100ee0009e00780050002000020001000c88a9003c
:100ef0000080fa003400f9003200f9004f03be0010
:100f00004f02be004f01be004f00be003600f90088
:100f1000004006003600f800809fbe00829fbe00a1
:100f2000849fbe00869fbe000000fa000228a90030
:100f30002110800000082000008060000000e00018
:100f40000c00320004e2a9000000eb00102f890021
:100f50000000eb00202f89000000eb00e02e89004c
:100f60000000eb00f02e89000000eb00d02e89007d
:100f700001003700292007000080fa004f03be005f
:100f80004f02be004f01be004f00be003600f90008
:100f9000004006003600f800809fbe00829fbe0021
:100fa000849fbe00869fbe000000fa000000eb0098
:100fb000102f89000000eb00202f89000000eb00bb
:100fc000e02e89000000eb00f02e89000000eb000d
:100fd000d02e890020002000c02e89000542a900e3
:100fe000b08180000000e00002003200b08180008b
:100ff000000001000808a9000080fa004f03be00ad
:101000004f02be004f01be004f00be003600f90087
:10101000004006003600f800809fbe00829fbe00a0
:10102000849fbe00869fbe000000fa00c068a90031
:10103000200020006f2d07000080fa004f03be0043
:101040004f02be004f01be004f00be003600f90047
:10105000004006003600f800809fbe00829fbe0060
:10106000849fbe00869fbe000000fa00c608a9004b
:10107000700020005f2d07000080fa004f03be00c3
:101080004f02be004f01be004f00be003600f90007
:10109000004006003600f800809fbe00829fbe0020
:1010a000849fbe00869fbe000000fa00204680009c
:1010b000700060000000e00003003200c488a90056
:1010c000a00020004b2d07002146800000022000d8
:1010d000008060000000e00003003200c4a8a90006
:1010e00090002000432d07002146800000102000c2
:1010f000008060000000e00003003200c508a90085
:10110000c00020003b2d0700ffff37003600f8002d
:10111000809fbe00829fbe00849fbe00869fbe004f
:101120000000fa00c028a9000000eb00312d0700e4
:101130000080fa004f03be004f02be004f01be0008
:101140004f00be003600f900004006003600f800ef
:10115000809fbe00829fbe00849fbe00869fbe000f
:101160000000fa00c088a90030002000212d0700ef
:101170000080fa004f03be004f02be004f01be00c8
:101180004f00be003600f900004006003600f800af
:10119000809fbe00829fbe00849fbe00869fbe00cf
:1011a0000000fa001a2d0700c048a9001000200016
:1011b000102d07000080fa004f03be004f02be0052
:1011c0004f01be004f00be003600f900004006008f
:1011d0003600f800809fbe00829fbe00849fbe0044
:1011e000869fbe000000fa00d08080000000e00072
:1011f00002003200d08080000000010005a8a90094
:101200000080fa004f03be004f02be004f01be0037
:101210004f00be003600f900004006003600f8001e
:10122000809fbe00829fbe00849fbe00869fbe003e
:101230000000fa00e08180000000e00002003200bf
:10124000e08180000000010000e8a9000080fa00b1
:101250004f03be004f02be004f01be004f00be0054
:101260003600f900004006000040da000000fe00f1
:10127000000005008f1fd100a60307008f87e9003b
:101280000000e00000000600809feb00a1030700c3
:101290008f87e9000000e000000006001400200035
:1012a000d7033700f4ff2f00d50337000001be003d
:1012b0001e0007000470a70003f0a10003f8a300bc
:1012c00013003a006509b100100032000900350032
:1012d0006928e10002003500010028000000050037
:1012e00000004000818048008502e900fcff3a00d0
:1012f00000000600f88f4200050035008100d10093
:101300000080d3008502e800fcff3a0000000600e0
:101310008000eb00000005004f89de0082017800ac
:10132000d20337006011b800e0033700c70ade00bf
:10133000f107b200f50fb20008003200e1cf420021
:10134000020032000170a00024000500810f70002f
:10135000010032000408050044000500810f700000
:1013600002003a00140005008502e9000000400078
:1013700081c04800fcff3b000170a0002400050074
:101380006022b800060220000000d0008180d20058
:101390000482d2008582d2000000a0000202520026
:1013a00083825a00030031000202420083824a0015
:1013b0000000a1000603e900f3ff3a000000060068
:1013c00007f82700078361000638e10004003a00af
:1013d000f7072000878361008703710001003a004e
:1013e00003f0a200889fbe008a9fbe008c9fbe00b3
:1013f000470ade000480a100c71ade000580a100b4
:10140000070028000785600087856100f70f20002e
:101410000720e1009e0032000728e1009c00320016
:10142000010678000400e000b4003200f707200055
:10143000878060000170a0000500e000c00032005d
:10144000f7072000878161000370a00005065200a5
:101450000f003a000b50e1000b0032000308e100de
:1014600002003a000200e1007e0032000204500057
:1014700083845800040031000001fd008101fd005b
:101480008402fd008a05fd006044b8002100370099
:101490000520e10005003d000001fd008101fd0087
:1014a0008402fd008a05fd00050652007a60e10015
:1014b000050035000170a1004722dd008480700026
:1014c0008a807000630037006044b800ef02660055
:1014d00007ff2f00070666000500e0000600340045
:1014e000f08312008714dd000511de00071bdd000c
:1014f000060171008519de007060e100050035000d
:101500000904780082047800030178008001eb0070
:10151000700656000b50e10003003a000200400044
:10152000838048000400370060041400e0841c003d
:1015300002005800838058000188a3000600320092
:101540008100d1000080d3008984d3000884d300b7
:101550000402e800270037000178a30025003a00c4
:101560000100e000030032008186cf00698656004a
:101570000a0037008c0020000000e00004003a0060
:1015800009007800880478000004eb007002520023
:101590008086cf000d0646000c06e9007060e10071
:1015a0000600350080007800090078008804780083
:1015b0000004eb0070065600700252000c00e000c0
:1015c0000c0034008c08dd00f00316000703de0079
:1015d000868070000c00dd00074bde000600700006
:1015e0008c4cdd000743de00868474000c44dd0073
:1015f0000c0252006120e100200035006101600012
:101600000700280087816400f7ff270087836400b4
:10161000070374000300e000060032008203730039
:10162000040032000000e800e08048000188a300c8
:101630000e003a00f70f20000720e1004a003d00ad
:101640000170a1004722dd00810072008a807000d5
:101650000000be004f06be004f05be004f04be0096
:10166000000006006000b800faff37008100d100da
:101670000080d3000402e800eeff37000401780088
:1016800089017400a10107008a807000f1ff370012
:10169000f7010700070278000001fd008101fd004d
:1016a000f301070087027800850372000778a30022
:1016b000040032000001fd008101fd000602070068
:1016c000e4ff3700850362000768a30008003200ca
:1016d0000b50e10003003200f0ff2f00f1ff270064
:1016e000dcff37000001fd008101fd00d9ff37005c
:1016f0000468a300d7ff3200faff3700f8ff270085
:10170000888360000b003a000000e00009003a0006
:101710008303640082837300020032000200be0073
:10172000ccff37000b50e100ceff3a000200be00b4
:10173000c8ff370014002000810064003eff37001e
:10174000f8ff27008883610004003a000200e000ef
:1017500002003a008c007800beff37001500200020
:101760008301640039ff370001f8270000002000e2
:1017700081007500b7ff3700889fbe008a9fbe00ba
:101780008c9fbe001b0020000202be000586680080
:1017900006002800060666004709de00f20fb200c8
:1017a000820032000243e80080003200c729de00d8
:1017b000f30fb2007d0032000343e8007b003200eb
:1017c000f107b2000170a000f507b2000570a0009b
:1017d000c708dd004903de00868070004700dd0099
:1017e000c72add004923de00868272004722dd0021
:1017f00003055100040350008583580003003100a5
:1018000000004000818048000a05e9008c1f780034
:101810008a9fbe00040050008580580004024200e8
:1018200085824a0000004000818048000005eb00ee
:101830000004be006033b8000406be000d48e1009d
:1018400056003100050009004dccd8000c01b8004d
:101850000d02b8008481410060824a0082835300f7
:1018600003045c0084845c0060055d000a00e00005
:1018700025003a00800578000d40e1004900310064
:101880008800780007007800050009004d88d8001e
:101890000c01b8000d02b8008481410060824a004a
:1018a0006003110083835b0004045c00e0845c003f
:1018b0000900e00021003a004f01be000300e000f3
:1018c0002b003200e3016000070673008c81710079
:1018d00001003200640070004200de004e5edd0058
:1018e0000c007000c258de0001e0a0008301070078
:1018f000cf017800818071004f06be004f05be0009
:101900004f04be00000006008c8343000d044c0011
:10191000e0844c0060054d000000e9000a00e00092
:10192000d4ff32008c8343000d044c00e0844c0053
:1019300060054d000000e900ceff37000c034300b6
:101940008d834b0060044c00e0844c000000e900f3
:101950000900e000d8ff32000c0343008d834b00e8
:1019600060044c00e0844c000000e900d2ff370026
:101970004200de004e5edd000c007000c258de004a
:1019800001e0a000cf0178000300e000daff3200a0
:1019900060001000e0801800d7ff3700f0ff2f0034
:1019a000aaff3700f0ff2f00b9ff37000404be0084
:1019b0002f010700870678000004fd008104fd0068
:1019c0002b010700078366000678a300030032009e
:1019d0000960a7000800be002c0037000d78a300a6
:1019e000020032000800be00280037000778a3007c
:1019f00026003a0001f0a10009f0a1000668a3004a
:101a000003003200f1ff2700f0ff2f00baff37007c
:101a10000d68a300030032000800be008c80700037
:101a2000b5ff37000768a30007003a000648a30087
:101a300003003200f1ff2700f0ff2f00aeff370058
:101a40000d48a300030032006000b8008c807000d5
:101a5000a9ff37000748a3000400320001f827005f
:101a6000000020008c807000a3ff37007601070083
:101a70000004fd008104fd000205780072010700ea
:101a80000802be008a01780059ff37000160a000fb
:101a9000120220001282880097ff37000100e00048
:101aa000120032000500e00010003200889fbe00e6
:101ab0008a9fbe008c9fbe000006eb0001f8a300c9
:101ac0000300320060001000e08018000cf0a0005d
:101ad00005f8a3000300320060021200e0821a0041
:101ae0000cf0a2008005eb0041ff37006000b80059
:101af0000200050003836800070028000703630055
:101b0000470ade000480a100c71ade000580a1009c
:101b1000f70f20000720e100420032000728e10013
:101b200040003200889fbe008a9fbe008c1f780054
:101b3000f107b200f307b2000400e00064003200d5
:101b40000170a0000500e000680032000370a000f2
:101b500085054200eb07b1000204b8000302b8009b
:101b60008484440060854a00020ab80084844400ea
:101b70000a854a00030ab800040545000400330042
:101b80000804d0008984d2000a85d2008b05e900c0
:101b90006158e1003d00350002102000090161009c
:101ba0000308200089816100f70720008783640013
:101bb00008867300c84cde00c853dd0087847400bb
:101bc0004855de000300e000060032008203760084
:101bd000040032008904e80060054d000a88a30073
:101be0000c003a00f70f20000758e10044003d00c8
:101bf0000a70a100c75ddd000a8575008a007300c8
:101c0000090078004f0678004f05be004f04be0063
:101c1000000006000a05d1008984d3008b05e80086
:101c2000f0ff3700881f7800060478009000070056
:101c3000070278000001fd008101fd008c00070013
:101c400087027800850372000778a3000500320040
:101c50000001fd008101fd009f0007004f04780096
:101c600000000600850372000748a300030032004d
:101c7000f0ff2f00f1ff2700f8ff370000002000e1
:101c800001f8270088807000f4ff37008801780091
:101c90004848dd00808171004848de00c850dd0002
:101ca00001007000c850de00060478000b017800c7
:101cb0001600070088807000d2ff37000500e000a2
:101cc00005003200170020003a0007009dff370092
:101cd00081037000f9ff3a00860078004f06780013
:101ce0004f05be004f04be000000050083037100d5
:101cf000f9ff3200270020002e00070094ff370074
:101d000001f8270086807000f4ff37000100e00032
:101d100026003200610111007810e10023003c0030
:101d20006022b8007010e1000400350080027800e5
:101d3000010078008000eb00700151000200e0001b
:101d40000900340070031100062add00822ade003b
:101d50008603dd00878272000200de00860bdd0054
:101d6000070070008208de0084817100f4ff270004
:101d70000482620084817100040028008482620071
:101d80006102600005f0a6000000060004827100f8
:101d9000070032000000e800e08048000000060074
:101da0000002be006000b800efff37006000b8001e
:101db00000000600889fbe000004eb006138e100cf
:101dc00016003a000100e00008003a00c800de00fa
:101dd0004800dd00880020000100e00003003a0018
:101de000c800de004800dd00680444008184cf00a4
:101df000e9845400060034008908dd00f0831400f3
:101e00008703de00878070000900dd0009044400bc
:101e1000610214004f04be00000006000300e00051
:101e200008003a00c811de004811dd0088002000db
:101e30000300e00003003a00c811de004811dd0095
:101e4000680444008384cf00e98454000600340011
:101e50008919dd00f08314008713de00878171008b
:101e60000911dd0009044400e1021400e9ff370014
:101e70002700200001f0a70017002000470bde001c
:101e8000f60fb200040032000643e8000a003200f8
:101e90004702b3000000060001037800f607b20015
:101ea0000603700002003a000703b30000000600ba
:101eb0008702b3000000060001037800f607b200b5
:101ec00006037000020032000770a0000000060048
:101ed0000760a000000006000478a30004003200a0
:101ee0000578a300030032000168a30001003a0056
:101ef0000200be000160a000000006008101700029
:101f0000270032008002eb0001f8a300030032003a
:101f100060001000e080180015002000f407200089
:101f20000202420020003400f70320008703600013
:101f30000604200000036300020820000001610085
:101f40004700de00c909dd0000807100c708de001f
:101f50000600e0000800320087037100060032002e
:101f60001000b0000180b0000188a3000200320020
:101f7000c108de000402e800f107b200f30f200000
:101f80000320e10003003d004722dd0081007200d4
:101f90002900370001f827000000eb002600370079
:101fa0006000b80000000600680212007f20e10017
:101fb000020034006000b8001f0037006011b80054
:101fc0007020e100040035008001780001007800f5
:101fd0008000eb00700252000400e00009003400b1
:101fe000f00312000719dd008419de000703dd008d
:101ff000868171000400de00070bdd000600700022
:102000008408de00f7ff27008383630087037100e5
:102010000600280003036300070032000700e00009
:1020200003003a0061016000028173000200320087
:102030001000b0000180b0000500a60000000600fe
:1020400001f0a000000006004f0ade004709de0094
:10205000f107b200f20fb2000b003200f207b1003c
:102060000170a000c708dd00c901de008380700098
:102070004700dd000400a60000000600600010001c
:10208000e080180000000600810f700001003a0097
:10209000000006008182cf000500e00010003e0035
:1020a0008082cf00ee8242007028e10004003900f7
:1020b00007003e00800078000000eb000e003700b3
:1020c000708312008600de000500dd000a00370084
:1020d000708352008600dd000000eb000600370030
:1020e000e28252008508dd00708312000603de00e4
:1020f000868070000500dd007507b0000501ea006c
:102100000400a6000000060060001000e080180037
:1021100000000600889fbe008a9fbe008c9fbe0004
:102120000404be000605be00809fbe00829fbe0064
:1021300021000700040678000800be000a01be0066
:102140001d000700840678004f03be004f02be004a
:102150008d4f76007fb0970013003300f0ff2f0003
:102160008b8f6b0006003b000d0666000c00a7007d
:102170000a00370007f0a600100020000a00370010
:10218000880f5200898f5a008a0f5b008b8f5b008b
:10219000030039001000200001003e000000200074
:1021a00007f0a7000000ea004f06be004f05be0082
:1021b0004f04be000000060005ff270005826100f5
:1021c000070032000428e10001003200240005006d
:1021d0000600070001003a0044000500040805005d
:1021e00002000700f9ff3a00140005006f82610049
:1021f00081027000850271008502720000000600f5
:10220000889fbe008a9fbe00841f78007c00070064
:102210004f00780011003300f0ff2f00838f6c0017
:1022200006003b00040565000a00a700080037000f
:1022300009f0a6001000200008003700820f5400ab
:10224000838f5c00030039001000200001003e0075
:102250000000200009f0a7000000ea004f05be00c2
:102260004f04be000000e00000000600881f780058
:10227000030478000300e00007003d006000100048
:10228000e080180060011900e081190002003b00a5
:1022900001f02d00030037000400070008f0a7003c
:1022a00001f0a0004f04780000000600889fbe00e7
:1022b0008a9fbe00008270000402710004827100d7
:1022c000260032000004be000200be006011b8000b
:1022d0006b092000950220000182cf000a0039001e
:1022e0000541b1000082cf00070039000541b1006f
:1022f0000982cf00040039000541b1000882cf00f7
:10230000010039000541b1000542520012003200bf
:102310000a003b0082817100610164008100d100ec
:102320000080d3008984d3000884d3008b05e800a3
:102330000442e800f7ff3a000700370008044400b1
:1023400089844c0000004800818048008b05e9002a
:102350000442e900f9ff3a00030007004f05be0000
:102360004f04be000000060081002000618055007f
:102370000b003d000b00200061fe2f000100e1007a
:102380001d00340082817100610164008904d10064
:102390000884d3000000e800faff3a007100200032
:1023a0006100640003007000020060000900320058
:1023b00061044400e0844c000988a5000500320057
:1023c0008b05e8006808e10002003a008904d100aa
:1023d0000884d300f20f20000258e10005003d0000
:1023e000c75ddd00f907b20089807500080078003c
:1023f000000006000bf827008b00780000000500a5
:102400000004be00c9fb07000003be000405be00b7
:102410000200be00c5fb0700844f750000000600e7
:102420000000fa0068815700cfb89700d602070075
:102430000080fa000000060002000700d602370004
:10244000000006002f04b000889fbe008a9fbe00d7
:102450008c9fbe008e1f7800b09f9f00a1a79f0099
:10246000a37f9f0011007800d0a79f0091009000eb
:10247000f1a79f00afa19700a3019000c3a79f0001
:102480002fa2970044029000a49f9f00afa2970044
:10249000350790003204be002205be006022b8005d
:1024a0006033b8000800be000a01be0071fb0700df
:1024b0000000e00003003d000bf0a200d0c2b3001a
:1024c000040037005fa397000628a300080032002d
:1024d000b0c2b300004f7800cfa397008703e90094
:1024e00087af9f0010002000e0a79f000f0037007b
:1024f000dfa097000138a3000800320000c2b3003b
:10250000004f78004fa197000201e90082af9f00c1
:1025100013002000e3a79f00040037004fa297009c
:1025200084af9f008002eb00e5a79f000800be007b
:102530000a01be00c2ff0700f4ff2f00f5ff2f00c5
:10254000f6ff2f00f7ff270004026000858260007d
:1025500006036100878361006000b800020020006c
:1025600003ff27000020e10001a8e10002b0e10024
:1025700003b8e10010003a002f7b97008600fb00b3
:102580001104b100efa3970007004700f98f500036
:1025900002003e00815e220001003700c15e220081
:1025a0002c050700c05e220031050700efa0970050
:1025b00001014000140037000020e10001a8e10003
:1025c00002b0e10003b8e100120036002f79970055
:1025d0008200fb001104b100efa197000300470047
:1025e000f98f500002003e00015f22000100370019
:1025f000415f220017050700405f22001c0507000d
:102600006fa29700040140005fa29700cfa197003e
:10261000490237006022b8006033b8000800be00ed
:102620000a01be0013fb07000000e0006800320052
:102630006000b8000200200003ff2300d0af9f001d
:10264000e1af9f00f2af9f0083b79f008006eb00d1
:102650000802be000a03be0094b79f00a5b79f0002
:10266000b6b79f00c7b79f00070037008d06e80088
:102670000800be000a01be00d0af9f00e1af9f007e
:10268000f2af9f0083b79f006022b80006002000d1
:10269000470224005fa89700efa897007fa9970042
:1026a0008fb19700410707000004be000205be007d
:1026b0000002be000203be001fb09700afb097003b
:1026c0003fb19700cfb19700eafa07000000e000a1
:1026d000e6ff3d000006eb005fac9700efac970013
:1026e0007fad97008fb597002500370040ed2f0094
:1026f000808f560019003d000c00e00016003a00e3
:102700006022b80006002000073524001fb09700a3
:10271000afb097003fb19700cfb1970023070700f4
:102720000002be000203be0094b79f00a5b79f0041
:10273000b6b79f00c7b79f006022b8000600200010
:10274000073524000800be000a01be001707070075
:102750000004be000205be001c0020006022b8007c
:1027600006002000470224000800be000a01be0047
:102770005f0607000004be000205be008d06e900ea
:102780000802be000a03be001fb09700afb097005a
:102790003fb19700cfb19700b6fa07000000e00004
:1027a000d2ff35000800be000a01be00d0af9f0076
:1027b000e1af9f00f2af9f0083b79f001fb4970067
:1027c000afb497003fb59700cfb59700080037002a
:1027d0006022b8000600200007ff2300d4af9f004e
:1027e000e5af9f00f6af9f0087b79f008006eb0024
:1027f000af7a97000500fb00b5040700b07f9f008b
:102800007fa39700600020000600e0000100350073
:102810007fa0970071c6b300bf7b970081cf5300a4
:102820000a003a00ffa097000100e000cb0132004f
:10283000cb0137008d0f5000cf013c0090b79f00b7
:1028400052c6b300e2cf9f001e003700bf79970049
:10285000e3cf9f000200370064c6b300e4cf9f00bf
:102860000000e80090b79f0060c6b300efca970071
:1028700080cf520013003a000d00e00008003d0038
:102880006000b8000200200003ff2300d0af9f00cb
:10289000e1af9f00f2af9f0083b79f008006eb007f
:1028a00061c6b300e1cf9f0070c6b3003f799700c7
:1028b000804f5100030032009fb197008d8141008d
:1028c00093b79f005faa9700efaa97007fab97008e
:1028d0008fb39700d4b79f00e5b79f00f6b79f006e
:1028e00087bf9f000800be000a01be0090af9f0096
:1028f000a1af9f00b2af9f00c3af9f000006eb00e7
:102900000802be000a03be00e49f9f00f59f9f00df
:1029100086a79f0097a79f00310037005fb29700fe
:10292000efb297007fb397008fbb97001fa8970067
:10293000afa897003fa99700cfa99700ec05070023
:10294000090807000004be000205be006505070077
:1029500080027800b5a79f005fb29700efb29700a2
:102960007fb397008fbb97000800be000a01be002e
:102970008e0607001faa9700afaa97003fab9700eb
:10298000cfab9700890507000002be000203be001e
:1029900007f0a20094af9f00a5af9f00b6af9f00c5
:1029a000c7af9f006022b800060020004702240045
:1029b0005fb09700efb097007fb197008fb9970095
:1029c000cb0507000002be000203be00d4b79f0083
:1029d000e5b79f00f6b79f0087bf9f000c06e80091
:1029e0009fb29700850f5600ccff35006f9c970073
:1029f000ff9c97000fa597009fa597006022b80045
:102a000006002000470124005fb09700efb0970058
:102a10007fb197008fb99700640607000002be00df
:102a20000203be00d4b79f00e5b79f00f6b79f0032
:102a300087bf9f001fa89700afa897003fa99700e6
:102a4000cfa997000bfa07000000e0000f00350047
:102a50005fb29700efb297007fb397008fbb9700ec
:102a60001fa89700afa897003fa99700cfa997008c
:102a700000fa07000000e00011003a00bfa2970032
:102a80000508a300080032000d0037006000b80000
:102a90006011b800d0b79f00e1b79f00f2b79f0068
:102aa00083bf9f00060037006022b8006033b80083
:102ab000d4b79f00e5b79f00f6b79f0087bf9f0080
:102ac0005fb29700efb297007fb397008fbb97007c
:102ad0000800be000a01be003a0507000002be0061
:102ae0000203be0094af9f00a5af9f00b6af9f004a
:102af000c7af9f006022b8000600200047022400f4
:102b00005fa89700efa897007fa997008fb1970063
:102b1000260607000004be000205be000002be003b
:102b20000203be001fa89700afa897003fa9970017
:102b3000cfa99700d4f907000000e0000900350094
:102b40008d06e80060c6b300efca970080cf520040
:102b500008003a001fb397000603e80096b79f00ed
:102b6000110037005fac9700efac97007fad970086
:102b70008fb5970050c6b3006fc99700804f5100c2
:102b800009003a000802be000a03be00d4b79f0045
:102b9000e5b79f00f6b79f0087bf9f008002eb005c
:102ba000d5af9f00070037000800be000a01be0035
:102bb000d0b79f00e1b79f00f2b79f0083bf9f008f
:102bc000ddaf9f006fa697000001eb00b2a79f004a
:102bd000c29f9f00e29f9f009d9f9f00680037005b
:102be0005fb29700efb297007fb397008fbb97005b
:102bf0001fa89700afa897003fa99700cfa99700fb
:102c00003b050700580707000004be000205be0090
:102c1000b4040700e90f50000100340090002000c8
:102c2000dfa197000348a3000c003a000000e00079
:102c30000a003a0071c6b3003f7a9700814f5200f4
:102c400006003a00dfaa97000500e00003003d00ff
:102c50003fa397008606e80021003700cf9b97002e
:102c60000700e0000c003a00dfa897000100e00038
:102c700009003d000c014700e1c2b30001497800a2
:102c80000c06e8000fa997000201e90082af9f003f
:102c900013002000c39f9f000c014700bfa69700b0
:102ca0000300370001c3b300015978008d06e90025
:102cb0000d00e000fbff3a003fa29700040646002b
:102cc0008c00470005c3b300854840000c06e800af
:102cd0000480ea000fab97000003430086af9f001b
:102ce0005fb29700efb297007fb397008fbb97005a
:102cf0000800be000a01be00ac0507001faa97002d
:102d0000afaa97003fab9700cfab9700a70407008f
:102d10000002be000203be0007f0a20094af9f00b5
:102d2000a5af9f00b6af9f00c7af9f006022b8005d
:102d300006002000470224005fb09700efb0970024
:102d40007fb197008fb99700e90407000002be0029
:102d50000203be00d4b79f00e5b79f00f6b79f00ff
:102d600087bf9f00dfaa97008502e900d5af9f00cb
:102d70006f9b97000603e800e69f9f00bda79f009a
:102d8000ef9b97001fb09700808f530005003d0018
:102d9000afa097004100900065005000800f5600e2
:102da0008fff39009f9e97004f9997000200e00027
:102db00007003a00dfa197000348a3000400320097
:102dc0000c004700e1c2b300014878000c06e8009f
:102dd0000c0047000048eb0051c6b3006fca9700d3
:102de000814f520036003a00af9a97008500e90003
:102df000010147000049eb008001eb000d00e000fd
:102e000002003d008d06ea00130020002200200091
:102e1000810378008faa9700000478000b00370028
:102e20008103780007034700a40020000500090083
:102e30008406d800010278008006780000c3b30041
:102e4000004b42000201e9008502e9008700e90029
:102e50000d00e000f2ff3a000200e000f0ff3c004d
:102e600085af9f000800780001024700b2c2b3009e
:102e70000300e00001003200d2c2b300024a780031
:102e80000101e90082004700af7997000302fb00cf
:102e90001404b10053c6b300f90f520001003e0004
:102ea00053c4b300834878000faa97000482e90056
:102eb00084af9f00820f560001003d00e50207002d
:102ec000dfa2970063806200e20f500015003a0015
:102ed0000fab97000600e000120034000e007800ef
:102ee000e3020700060037008fab9700870047001a
:102ef0008080400000014700924878000000e9000f
:102f0000efa09700810f5000f7ff3d000100470040
:102f10000fa99700010320006a0207000001eb00df
:102f2000c2a79f000e007800d10207005fa29700a1
:102f3000cfa19700000178008e0078003f9897009d
:102f4000470007004f0778004f06be004f05be0040
:102f50004f04be002f04b100000006001000200046
:102f6000e48f460033fe3d0090b79f0053c6b30088
:102f7000e3cf9f0053fe37000d00e00036fe350022
:102f800090b79f0046fe370082017800010178006b
:102f9000f1ff2700d5023700881f78000004780071
:102fa00000082000808f5000170035001008200016
:102fb000808f50000b00340030082000808f5000bc
:102fc00011003a00920078006880500000097800f3
:102fd0003002be002003be00049cbe000694be006a
:102fe00007003700920278006480520000097800e0
:102ff0001000be009c030700009cbe000294be00af
:1030000010002000010037000000eb004f047800a2
:1030100000000600889fbe00000478004800900071
:1030200082047800808f540001003600800478000c
:1030300009017800580090001b020700580090001a
:103040000900400050049800c80090008984500096
:10305000490498000048eb004f04be000000060041
:10306000f2874700889fbe008a9fbe008c9fbe00eb
:103070008e1f780080047800010578000204780033
:10308000830578006107620002003a008b0f54004c
:1030900008003900080178008a00780009007800eb
:1030a000dcff07008b0f5400020039008805780010
:1030b0001e003700088655000c017800f00f5600fe
:1030c0000100360002012000010220007e8057002e
:1030d000fc0107008c067800050037000201200083
:1030e000fe80570009007800caff0700f0865600ee
:1030f000ef8f5600f9ff3e004461de0000ff2f0015
:103100008091b9000c014100fe8057000900780051
:10311000c0ff07000e00e00004003a00080178003c
:103120008a00780009007800baff07000b007800d9
:103130004f0778004f06be004f05be004f04be008b
:103140002f01b1000000060000000500000005008e
:1031500000000500000178000040eb008080fb00cb
:1031600081804000235c220081814100134278006d
:103170000404e00004003a00305c220081004000ba
:10318000114078000000060092017800934f520031
:1031900005003a00305c22008100400011407800b8
:1031a0000309e800010037000040e800ea4f500042
:1031b000eaff360000000600f6874700889fbe0041
:1031c0008a9fbe008c9fbe008e1f7800000578008d
:1031d0000104780083057800040678000000eb0005
:1031e000c0b79f008080eb00d1b79f00e0b79f0081
:1031f000f2b79f000008200080bf9f009800780071
:10320000010078008004eb00010037008904e80029
:10321000304178000204e0000300320053c2b300e2
:10322000834f5100f9ff3a000900e000040032002a
:10323000090178000a00780076ff0700188c440026
:103240001807780050c2b3009e4f10003f013a00ab
:103250000e07e8000e0c780010003700cfb0970082
:103260000100a0000b003700cfb097000110a000b4
:1032700008003700cfb097000120a00005003700fc
:10328000cfb097000130a00002003700cfb0970008
:103290000140a000c1b79f00000ce80018007800b2
:1032a00090407800b2c2b30082cf5000f1ff3200ec
:1032b00007003c0002c2b30082cf5000f0ff320092
:1032c00032c2b30082cf500007003a00efff370050
:1032d000d2c2b30082cf5000e0ff320002c3b3007d
:1032e00082cf5000e0ff3200a2c2b30082cf500074
:1032f0000d003a00000ce8001c80e900000e780088
:1033000010007800e0b79f000000e0000f003d00d3
:10331000cfb097000100a200c1b79f000000ea00f3
:10332000e0b79f000900370039010700e0b79f00b0
:1033300001003700000ce800180078009000fb0046
:103340000103b100e98f5000faff36004fb097003b
:103350000008a300020032000010a100c0b79f00c7
:1033600018007800e1c2b30090cf100016003a00b8
:103370008000eb00d1b79f000000e800000c78004f
:10338000a1c2b30090cf100006003a00000ce80084
:103390001c80e900000e780010007800d0b79f0074
:1033a000090037001a010700d0b79f00010037005d
:1033b000000ce800180078009000fb000103b10049
:1033c000e98f5000faff36000800780061ff07001f
:1033d00080467800180078001000fb00bc01070050
:1033e00091062000810f50003800320012003c008e
:1033f00041062000810f5000340032000a003c00da
:1034000011062000810f50002000320031062000fc
:10341000810f5000a000320051022000810f5000a7
:10342000bc003a00b400370071062000810f500044
:10343000b8003c008800370001072000810f5000d1
:103440005c00320007003c00e1062000810f5000c4
:103450007a003200f1062000810f5000ad003a00e2
:103460003900370051072000810f5000270032003b
:1034700081072000810f50004200320031072000f8
:10348000810f5000a3003a008f0037008d80fb00b1
:103490000c01780000fe2f000f004000befe070068
:1034a0000000e000a800320018007800000ce800de
:1034b0009041780002fe2f000f014100f880570074
:1034c0000a00780021ff07000e0037008d80fb0006
:1034d0008c0178001200200000fe2f000f00400039
:1034e000a70107000000e00097003200180ce80078
:1034f00002fe2f000f014100f88057000a007800fb
:1035000011ff070080844400900037008d80fb008d
:103510008c0178000001eb0000fe2f000f0040003e
:10352000970107000000e00087003200180ce80057
:1035300002fe2f000f014100f88057000a007800ba
:1035400001ff0700efff37008d80fb008c01780042
:103550000001eb0000fe2f000f0040008801070073
:103560000000e00078003200180ce80002fe2f0096
:103570000f014100f88057000a007800f2fe0700b2
:10358000e0ff37008d80fb008c0178000001eb002c
:1035900000fe2f000f004000790107000000e0004e
:1035a0006900320018007800000ce80090417800b3
:1035b0001c0037008c0178000001eb00010f200097
:1035c00000fe2f000f0040006d0107000000e0002a
:1035d0005d003200180ce8000fb097009fb0970014
:1035e0002fb19700bfb19700e00f5000e08f580057
:1035f000e00f5900e08f590009003a00cfb597005d
:103600006fb49700a05b2200190107000b0278003d
:103610008801780000017800a15b22004700370094
:1036200083c7b30002fe2f000f014100f88057004e
:103630000a007800c5fe0700b2ff37000b81440086
:103640008d80fb008c01780000fe2f000f004000f1
:103650009f0107003c0037008d80fb000c017800c3
:1036600000fe2f000f0040004bfe07000000e000ae
:103670003500320018007800000ce8009041780016
:1036800002fe2f000f014100f88057000a00780069
:103690006cfb07009bff370000c8b30080cf5600cb
:1036a00029003a00180ce8001c80e900000e7800a0
:1036b00010407800e0df9f0013002000e2fd2f00a3
:1036c0000f0141000800370000c8b30080cf56004a
:1036d0001d003a00180ce8001c80e900000e78007c
:1036e0008001eb0010017800f88057000a00780094
:1036f00097fe070083ff370000c8b30080cf560055
:1037000011003a00180ce8004fb29700efb1970093
:10371000080037000e0c78000000eb00c0b79f00d7
:10372000e0b79f000080eb00d0b79f000002eb00e5
:103730008401780012002000015c22000a00780059
:1037400047fe07006fff3700180ce80009007800fb
:103750004f0778004f06be004f05be004f04be0065
:103760006f01b100000006008200fa00889fbe00d1
:103770008a1f78000005780082047800c13f9f000e
:103780000004eb001000370009027800880178007f
:10379000a2f72f000f01410081f72f008f8040001a
:1037a0000a00780084fe070008004000880f5000df
:1037b00004003d00b0042000c02f89000084eb000d
:1037c00004003700000478004f3897001004e00030
:1037d000edff3a00080078004f0578004f04be0066
:1037e0000080fa0000000600800078001000200031
:1037f00002022000828f500004003200e980500055
:10380000e48f5000010036000000eb0000000600cd
:10381000889fbe008a1f7800000578000a0478009f
:10382000984478000805e8000900fb00eeff070057
:103830000000e000f9ff3a00b0c2b30080cf5400ae
:1038400005003200d0c2b3008000eb0080cf5400ee
:1038500005003a00020037008000eb00010037004d
:10386000110020000804e8000000eb00030037000e
:10387000ea00b900020050000003b0003801fb006c
:1038800003fd2f0082814100e98f5100f8ff3600cf
:103890000100e00001003a000000ea004f05780056
:1038a0004f04be00000006008001780002003700cf
:1038b000b15978000201e9000200e000fcff3a0083
:1038c00000000600889fbe008a9fbe00800478002a
:1038d0000200e0005b00320001407800814c78007b
:1038e00082814400f1f99f00e20f5100550036003b
:1038f00091449800a1449800e1f99f00d1f99f00fc
:10390000e60f51004f003600b1449800c1f99f0006
:10391000e80f51004b0036000905ea006305650019
:103920000a8444000a055100c1ff2f00010565000b
:103930000080fb008000eb0012102000131020001c
:1039400094010700008cbe000a01440060b99f008a
:1039500071b99f00e80f55003a0036002004980026
:1039600031049800400498005104980020b99f0049
:1039700031b99f0040b99f0051b99f00f80f550021
:10398000300036006004980071049800000c980024
:10399000110c9800200c9800310c9800400c9800f5
:1039a000510c980020b19f0031b19f0040b19f00a1
:1039b00051b19f0060b19f0071b19f0000b99f009d
:1039c00011b99f00640164007801410002044400c1
:1039d000020555006011b8000203be000002be00df
:1039e0000403be006022b8000000720081807200f3
:1039f000020173008381730010003700009cbe0039
:103a00000294be004004980051049800620498009b
:103a100073049800000c9800110c9800220c980078
:103a2000330c9800400c9800510c9800620c9800e0
:103a3000730c98000a02b1000802b000ff0f550095
:103a4000eeff3e00090078004f05be004f04be00a7
:103a500000000600881f7800000478000800780045
:103a6000d3000700080078004f047800000006002b
:103a700080007800040037003104e00002003a00c2
:103a80000000510000000600010178000108a300b9
:103a9000f9ff3a008101780031017800f4ef2f003e
:103aa000020242000281ea000201620004082800ca
:103ab00004016100f7ff3200830078000101780003
:103ac0003104e000fdff3a00000051000000060054
:103ad000f1fb2f0080804000f98f500001003e0074
:103ae0000050a00000000600f9ff3700f2874700f1
:103af0008e1f780002027800030178000000e000c9
:103b0000020032000007780001003700728757007a
:103b10008002eb000100e000010032008102e900b8
:103b200070805700060009000018eb000080eb00d1
:103b300080bf9f002310200093bf9f00aebf9f0057
:103b4000b1bf9f00c5bf9f000100e00003003d0022
:103b5000b1042000c12f890006003700004feb00a0
:103b6000eebf9f00debf9f0084007800708057008a
:103b7000af0007004f0778002f01b10000000600da
:103b800084082000848f50001d0032000d003c008e
:103b900014082000848f50002700320002003c00ef
:103ba000040820000400370024082000848f5000ff
:103bb0003400320044082000848f500043003a0053
:103bc00036003700040a2000848f5000270032009e
:103bd00004003c0004092000848f50003b003a00a0
:103be00028003700020c2000828f50002f00320086
:103bf000020f2000828f500034003a002b00370063
:103c00009380e9000200e00005003200810978009d
:103c10001102fb00cfa2de00612bb90028003700a3
:103c200081097800114278000482fb008002eb00d9
:103c30006033b8002200370013027800e40052001d
:103c40000200e00005003200810978001102be0088
:103c50004fabde0086037800190037008109780039
:103c60001102be006033b800150037009380e900f0
:103c70008109780011027800cfa2de00612bb90023
:103c80000f00370093027800e88052008109780025
:103c90003102be002103be00090037009380e90015
:103ca0000200e00002003200f1ff37009380e900db
:103cb00081097800110278008002eb006033b800bf
:103cc0000498be000690be0010000500000005002c
:103cd00044082000848f50002500320008003c007a
:103ce00014082000848f50001400320024082000a3
:103cf000848f500024003200040820000c0037009c
:103d000004092000848f50001f00320004003c0092
:103d100084082000848f500024003a000e003700f1
:103d2000040a2000848f500011003200040c20008f
:103d3000848f50001d003a000d0037009380e90089
:103d4000810978009100780001087800cf91de00a9
:103d50008288be00140037009380e9008109780052
:103d60009100780001087800824878000e00370042
:103d70009380e900810978009100780001087800bb
:103d800082087800080037009380e90081097800f4
:103d900091007800010878006112b900612bb90028
:103da0008498be008690be0010000500000005004b
:103db0000101780080017800008268000408a300f7
:103dc0000500320013003700324078008059780037
:103dd0000004e00014003200030278000208a3008f
:103de000f9ff3a000300780001003700031878005b
:103df00082007800b2017800f5ef2f008382420044
:103e00000382ea00048262000508280005026200bd
:103e1000f6ff320000027800314178000258780045
:103e20000204e000fbff3a000400780000000600f6
:103e30000200fa00881f780000047800e2bf9f00ab
:103e4000648157000800780047fe07009800900042
:103e50000148a300010032000080eb004f0478000d
:103e60000080fa0000000600810378002ff50700ab
:103e70000001be006000b8000478a30013003a00ff
:103e80006220e10015003e000d0039008301d100e1
:103e90000281d3008180d3008301d1000281d3004d
:103ea0008180d3008301d1000281d3008180d300bf
:103eb0000538b000c42add00f300b200838172002f
:103ec00007f0a70003f0a0000000060083ff270012
:103ed000020020006110b900f9ff370003ff27003e
:103ee000f7ff37001400fa00889fbe008a9fbe00cb
:103ef0008c9fbe000004be000205be0068004700a3
:103f00000a90be000890be00490207000070a7009a
:103f10000bf0a100304320009e02900080825200ee
:103f2000b0fe2f000028e10011003d00b0fc2f0082
:103f30000028e100150034001e0990008e08900052
:103f40007e0090000501b0000201d1008180d30005
:103f50000080d3008502e800fbff3a000b00e00080
:103f60006e023b0060001000e08018006b0237001a
:103f7000f0ff2f00f1ff27000b00e00067023b007d
:103f80000100280000002000640237006000b80033
:103f900062023700020ab900001bb9000200b80033
:103fa0008100420081004300000006008c9fbe009b
:103fb0008a9fbe00889fbe00ca0107000bf0a200c6
:103fc000040037008c9fbe008a9fbe00889fbe0001
:103fd000c40107000c48e1000b003a000c40e1006e
:103fe000020032008b010700400037008b066d0095
:103ff0003e0032000af0a100f3012000f2ff2f0082
:104000006110b900390037000c40e1003700320080
:104010000940e100010036007e0107008a856d003d
:10402000cf5dde000b0575000006eb008804fd0087
:1040300089045400010032007d0107000a04e000f9
:1040400011003a000800e00028003200040040009f
:104050008580480006014900878149000358a30074
:10406000180032008301d1000281d3008180d30087
:104070000080d3000c86d300010039006106760071
:104080000804e8001800370004005000858058003c
:104090000601590087815900060031000af0a2008c
:1040a0000c06ea0060001800e080180060011900aa
:1040b000e081190003003a000004eb000005eb006a
:1040c0000a0037000348a30007003a000c06460028
:1040d00000004800818048000201490083814900b6
:1040e0000804e900f7ff3700af013700c9013700c6
:1040f0008c9fbe008a9fbe00889fbe00790107008a
:104100000b056d000940e1000a003a000800e000dc
:10411000020032000c40e10006003a000af0a10063
:104120000c047800f3012000f2ff2f006110b900a9
:104130009d0037000c40e1009b0032000800e000c9
:10414000990032000c48e10002003a000004eb0044
:10415000030037000900e00004003a000c04780076
:104160006000b8006011b8008f0037000348a3005a
:1041700006003a000000400081804800020149002a
:10418000838149000804e900f8ff37000748a300cd
:1041900006003a000402420085824a0006034b00f2
:1041a00087834b008904e900f8ff3700fd3f2000ba
:1041b0008d845400090454008a1f7800881f7800f9
:1041c00000047800810478000205780083057800f7
:1041d0006000b8006011b8000d0420000500370031
:1041e0000804440089844c000a054d008b854d006d
:1041f000080031000404540085845c0006055d005d
:1042000087855d008381d2008d06d300f4ff3b00db
:10421000070037000404440085844c0006054d0067
:1042200087854d008381d2008d06d300ecff3b00d3
:104230000804440089844c000a054d008b854d001c
:10424000080031000404540085845c0006055d000c
:1042500087855d000281d2008d06d300f4ff3b000c
:10426000070037000404440085844c0006054d0017
:1042700087854d000281d2008d06d300ecff3b0004
:104280000804440089844c000a054d008b854d00cc
:10429000080031000404540085845c0006055d00bc
:1042a00087855d008180d2008d06d300f4ff3b003e
:1042b000070037000404440085844c0006054d00c7
:1042c00087854d008180d2008d06d300ecff3b0036
:1042d0000804440089844c000a054d008b854d007c
:1042e000080031000404540085845c0006055d006c
:1042f00087855d000080d2008d06d300f4ff3b006f
:10430000070037000404440085844c0006054d0076
:1043100087854d000080d2008d06d300ecff3b0066
:104320000b00e00004003d000404440085844c00c0
:1043300006054d0087854d000006eb008301d10086
:104340000281d3008180d3000080d3000c86d3008b
:104350008301d1000281d3008180d3000080d3008b
:104360000c86d300890474008b0575008b8474005f
:1043700001003200610676004f0478004f05780096
:104380000348a30007003a000c064600000048005e
:104390008180480002014900838149000804e90046
:1043a000f7ff3700000137001a0137008c9fbe006d
:1043b0008a9fbe00889fbe00ca0007000b056d00e3
:1043c0008a0578000c40e10008003a000900e0008e
:1043d00082003a000af0a1000c047800f3012000ea
:1043e000f2ff2f006110b9007c0037000c48e1009b
:1043f00004003a00870007000900e00077003a0057
:10440000f4ff37000800e000740032000900e0000b
:1044100002003a007f00070070003700ed3f2000e7
:104420008d845400090444008a1f7800881f780096
:10443000871f7800861f7800851f7800841f78000a
:10444000cb19dd00c515de008b8571004b11dd0039
:10445000450dde000a057100cb08dd00c504de0055
:10446000898470004b04dd000440b8000546b800a4
:104470008c80400060814e00044eb8008c8040006b
:104480000d0149008001eb000318ad000456b8008f
:104490000c0141008d8149000002eb000420ad00b9
:1044a0000646b8000c0141008d81490060024a00b7
:1044b000054eb8000c0141008d81490060024a00a0
:1044c0000556b8008c8141000d024a008002eb00c5
:1044d0000528ad000746b8008c8141000d024a0056
:1044e000e0824a00064eb8008c8141000d024a006d
:1044f000e0824a004f0678000c5eb8008c814100d3
:104500000d024a00e0824a000656b8000c02420042
:104510008d824a000003eb000630ad00074eb80064
:104520000c0242008d824a0060034b004f06780067
:104530000c5eb8000c0242008d824a0060034b0002
:104540000756b8008c8242000d034b008003eb003d
:104550000738ad004f0678000c5eb8008c82420030
:104560000d034b00e0834b004f0678000c5eb80053
:104570000c0343008d834b004f0478004f057800f7
:104580000748a3000a003a0000004000818048006c
:10459000020149008381490004024a0085824a00e1
:1045a00006034b0087834b000804e900f4ff370043
:1045b0000306780080807000828070000100320065
:1045c0006106760087017800060178008500780092
:1045d0000400780088047800780037008d003700e8
:1045e0008c06460002003a000000a600000006000b
:1045f00060004800e080480060014900e081490017
:104600000350a600000006008301d1000804e80062
:10461000000006000002fd008102fd000203fd0013
:104620008303fd008804fd008a05fd0000000600ec
:104630007048e1001a0039007d0320000d48e100b8
:104640000a00390081057000830671008c857500b1
:104650008d8575000006eb001cd8e700610676002a
:104660006000b8006011b800000006007048e1006a
:104670000b0039008c0578000006780001007800f6
:1046800082007800030178008001eb0013d8e70076
:1046900061067600f0845400f4ff3a000000060042
:1046a0006160e1000c48ad00f08514008b06dd0070
:1046b0000966de000d0676008b0edd000900de00c7
:1046c0000d0070008b16dd008908de008d80700003
:1046d0008b1edd000911de000d0171008919de005d
:1046e000000006000d002800fc7f20000d85610001
:1046f000441cde00ef8161000c0464000100320004
:104700000340a0008d856300c43cde00ef8363009e
:104710008c846400010032000740a0000c40e100de
:1047200006003a00ef866100828676008186760078
:104730008086760001003200180037000c48e10046
:1047400007003a00ef86630086867600858676004d
:104750008486760002003200aeff07000f003700ab
:104760000348a30005003a008106700082867600a7
:1047700083867600010032000804e8000748a300a1
:1047800005003a00850672008686760087867600e8
:10479000010032008904e80000000600cf04780020
:1047a000cf0578001b0037000002780081027800f6
:1047b0000203780083037800880478000cf0a700d7
:1047c00087ff0700fd7f20000d40e1000400350059
:1047d0000d0478006000b8006011b8000d003700cb
:1047e0000800e0000b003c00040078008500780021
:1047f0000601780087017800e18414008cff07002f
:104800000cf0a70076ff07000004eb000340a700b0
:104810000804e8004444dd006fc5610088017500ac
:104820004f04be004f05be004f06be00000006004c
:10483000800078005002be005003be004439de0004
:10484000f700b200f37f200003016100090032008d
:104850000218e10016003a0085017200830173001e
:10486000838173000008200015003a0040002000fa
:104870001300370085017200830173008381730088
:1048800005003a0004a8be0006a8be0010002000e3
:104890000b0037000201e9000402420085824a0051
:1048a00006034b0087834b000748a300f9ff320043
:1048b0000740a00004a8be0006a8be0020002000fb
:1048c00080009800920098000000060068044700ed
:1048d0000294be000094be00fc0447008694be0013
:1048e0008494be0009007800d1ff0700080078001a
:1048f000cfff070099007800814f70000b003b004c
:104900000800be000a0007004f00b1000300370096
:10491000f3ff2700f2ff2f006110b9004f06be0021
:104920004f05be004f04be000080fa0000000600e4
:10493000e48240001078a3000700320064024000c7
:104940001178a3003400be001401be000400320040
:104950000330a700000006003500be001501be00b0
:104960000330a000000006001800fa00889fbe0077
:104970008a9fbe008c1f78000004be000205be00a6
:104980000802be000a03be00443ade00f07f2000a9
:104990000006620020432000800f560067003c00a4
:1049a0006022b8006033b8000800be0031f2070092
:1049b0000000e000610032000802be000a03be00f1
:1049c000b4b79f00c5b79f00d6b79f00e7b79f0059
:1049d000e00f5200e08f5a00e00f5b00e08f5b00b9
:1049e0000b003d006022b8000600200007332400c1
:1049f0000800be000a01be006cfd07006022b8007e
:104a000006002000073324006efd07000a0037006f
:104a10006022b80006002000073324000800be0012
:104a20000a01be0067fd07006022b80006002000f2
:104a3000073324005dfd07000802be000a03be0024
:104a40005afd07000002be000203be00f4b79f003b
:104a500085bf9f0096bf9f00a7bf9f00e03f20003b
:104a6000800f560017003c007fb097008fb897006a
:104a70001fb99700afb99700f0af9f0081b79f00b3
:104a800092b79f00a3b79f006044b8006055b8007c
:104a90003fb29700cfb297005fb39700efb3970094
:104aa000e00f5200e08f5a00e00f5b00e08f5b00e8
:104ab00022003d006044b8000a0020000bff2b00dc
:104ac0001e0037006022b8006033b8007fb0970046
:104ad0008fb897001fb99700afb99700eaf10700a8
:104ae0000000e0000c0034007fb297008fba9700fe
:104af0001fbb9700afbb97000800be000a01be00b5
:104b000030fd07006022b8000600200007ff2300e8
:104b100026fd0700070037007fb297008fba970085
:104b20001fbb9700afbb97000800be000a01be0084
:104b300024fd07000004be000205be000800be0000
:104b40000a01be004f0678004f05be004f04be00ac
:084b50000080fa0000000600dd
:020000040000fa
:104b580036410000b0410000603c0000583c0000b5
:104b6800683c0000743c0000803c00008c3c000065
:104b7800163c0000a63c0000c03c0000ea3c0000d7
:104b8800043d0000303d00006a3d00009e3d0000ed
:104b9800c03d0000d63d0000ec3d0000023e000094
:104ba800183e0000323e00004c3e00006a3e000005
:104bb800843e0000c43e0000443f0000043f000063
:104bc80000000000000000000000000000000000dd
:104bd8000000000000000000003c0000ea3b00006c
:104be8000a400000244000003e400000ca3f000088
:104bf800e03f000020410000584000008a400000cb
:104c0800bc400000ee400000184200000000000018
:104c18003242000000000000426f00006f73000085
:104c280074200000636f00006e760000657200005b
:104c380074650000720000005265000061640000a5
:104c4800696e00006773000000560000693a0000b2
:104c5800252e000032660000205600006f3a000042
:104c6800252e00003266000000490000693a000065
:104c7800252e000032660000204900006f3a00002f
:104c8800252e00003266000000000000b23a000045
:104c9800d03b0000ce3a00000000000016360000ad
:104ca80064360000b2360000f43600000000000050
:104cb80016390000be390000ac3700007438000017
:104cc8009a340000a2340000aa340000b234000074
:104cd800ba340000c234000016350000be350000aa
:104ce800dc350000e4350000ec350000f435000048
:104cf8007e3a0000963a00004aa600005c53000085
:104d08007c53000092530000b0530000c6530000cb
:104d1800da530000fa5300001c5400002454000029
:104d280000000000000000002c5400005254000055
:104d38006a540000dc540000f25400000e550000d4
:104d4800a055000082540000000000000000000090
:104d5800000000000000000000000000000000004b
:104d6800ffff0000d22b00006c2b0000642e000017
:104d7800182f000098340000000000000000000018
:104d8800000000000000000000000000000000001b
:104d9800010000000a2500000000000000000000db
:104da800024a0000204a0000384a0000864a0000f3
:104db800d64a0000324b0000da4b0000ea4b0000f4
:104dc8001a4c000000000000f45a0000265b0000a6
:104dd800545b0000605b00006c5b0000ce5a000072
:104de800965b0000e05b0000fe5b00000000000036
:104df80053650000702000003234000020320000ab
:104e08003032000036310000353a000031390000f8
:104e18003a31000036000000004000001454000041
:020000040000fa
:104e28001800fa00889fbe008a9fbe008c1f780079
:104e380000067800f4af9f0085b79f0096b79f00e3
:104e4800a7b79f002c709000ef4060000068a30097
:104e58000b003200e4cf50003b003200e8cf500096
:104e68004e0032000046eb000c4078004f067800f8
:104e78004f05be004f04be000080fa000000060087
:104e88000058a30018003200e2cf5000670032003b
:104e98008c003e00e1cf5000f2ff3a008c69900090
:104ea8000c6090006fda97003c299000e10f5100e8
:104eb800250132000046eb0080cf5100eaff3400a4
:104ec80001467800844f5000e6ff35000c4078001a
:104ed8004f0678004f05be004f04be000080fa0060
:104ee80000000600e6ff3700e2cf50006200320003
:104ef800a6003e00e1cf5000daff3a008c6990002e
:104f08000c6090006fda97003c299000e10f510087
:104f1800000132000046eb0080cf5100d2ff36007e
:104f280001467800844f5000ceff39000c407800cd
:104f38004f0678004f05be004f04be000080fa00ff
:104f480000000600ceff37004c109000dc109000e7
:104f58000c1490009c1490007fad97008fb59700bb
:104f68003c2e9000e10f5600870132000801be0078
:104f7800caf007000000e000baff34001cc0b3000c
:104f88000801be000a00be00c2f007000000e000f1
:104f9800b5ff34000046eb00b3ff37004c1090001b
:104fa800dc1090006c119000fc1190000c14900023
:104fb8009c1490002c159000bc1590007faa9700b7
:104fc8008fb297001fb39700afb39700b4b79f0095
:104fd800c5b79f00d6b79f00e7b79f003c2e90004b
:104fe800e10f5600530132000802be000a03be005a
:104ff800a3f007000000e0009aff34001cc0b300d3
:105008000802be000a03be003fb09700cfb0970069
:105018005fb19700efb1970094f007000000e0003f
:1050280091ff34000046eb008fff37004c119000d1
:105038000c109000ffa99700bc289000e18f500049
:10504800db0032000046eb00800f510086ff340081
:105058001cc0b300830f500082ff35000c4078005d
:105068004f0678004f05be004f04be000080fa00ce
:105078000000060082ff37004c1190000c109000d1
:10508800ffa99700bc289000e18f5000bb003200b8
:105098000046eb00800f510073ff36001cc0b300c0
:1050a800830f50006fff39000c4078004f067800de
:1050b8004f05be004f04be000080fa000000060045
:1050c8006fff3700e4cf50007a003200e8cf50007d
:1050d80064ff3a004c149000dc1490006c159000aa
:1050e800fc159000f8b79f0089bf9f009abf9f00ea
:1050f800abbf9f000c1090009c1090002c119000ea
:10510800bc119000b4b79f00c5b79f00d6b79f00e9
:10511800e7b79f00bc2a9000e18f5200ea003200f6
:105128000046eb007fb497008fbc97001fbd970027
:10513800afbd97000040e10001c8e10002d0e100e6
:1051480003d8e10048ff34001cc0b3003fb2970009
:10515800cfb297005fb39700efb397000400e10068
:105168000588e1000690e1000798e1003dff350061
:105178000c4078004f0678004f05be004f04be0073
:105188000080fa00000006003dff3700e4cf500021
:1051980030003200e8cf500032ff3a004c14900043
:1051a800dc1490006c159000fc159000f8b79f0077
:1051b80089bf9f009abf9f00abbf9f000c10900053
:1051c8009c1090002c119000bc119000b4b79f0067
:1051d800c5b79f00d6b79f00e7b79f00bc2a9000cd
:1051e800e18f52009d0032000046eb007fb497002b
:1051f8008fbc97001fbd9700afbd97000040e1002e
:1052080001c8e10002d0e10003d8e10016ff360032
:105218001cc0b3003fb29700cfb297005fb39700ae
:10522800efb397000400e1000588e1000690e10073
:105238000798e1000bff39000c4078004f06780012
:105248004f05be004f04be000080fa0000000600b3
:105258000bff37004c129000dc1290000c109000ed
:105268009c1090007fab97008fb397003c2990006b
:10527800e10f51006a0032000046eb00800f520037
:10528800818f5a00f8fe36001cc0b300860f50000c
:10529800878f5800f3fe39000c4078004f067800dd
:1052a8004f05be004f04be000080fa000000060053
:1052b800f3fe37004c129000dc1290000c109000a6
:1052c8009c1090007fab97008fb397003c2990000b
:1052d800e10f5100430032000046eb00800f5200fe
:1052e800818f5a00e0fe34001cc0b300860f5000c6
:1052f800878f5800dbfe35000c4078004f06780099
:105308004f05be004f04be000080fa0000000600f2
:10531800dbfe37000046eb0080cf5100d2fe3100a3
:1053280002467800844f5000cefe3e000c407800c4
:105338004f0678004f05be004f04be000080fa00fb
:1053480000000600cefe37000046eb0080cf51007b
:10535800c5fe3d0002467800844f5000c1fe3c0067
:105368000c4078004f0678004f05be004f04be0081
:105378000080fa0000000600c1fe37000046eb007e
:10538800800f5100b8fe310001467800830f5000ad
:10539800b4fe3e000c4078004f0678004f05be0072
:1053a8004f04be000080fa0000000600b4fe37007b
:1053b8000046eb00800f5100abfe3d00014678002f
:1053c800830f5000a7fe3c000c4078004f06780081
:1053d8004f05be004f04be000080fa000000060022
:1053e800a7fe37000046eb00800f5200818f5a005d
:1053f8009dfe3d0002467800860f5000878f5800ba
:1054080098fe3c000c4078004f0678004f05be001f
:105418004f04be000080fa000000060098fe370026
:105428000046eb00800f5200818f5a008efe31003b
:1054380002467800860f5000878f580089fe3e008c
:105448000c4078004f0678004f05be004f04be00a0
:105458000080fa000000060089fe37000046eb00d5
:105468007fb497008fbc97001fbd9700afbd970012
:105478000040e10001c8e10002d0e10003d8e100ea
:1054880079fe3100054678003fb29700cfb2970009
:105498005fb39700efb397000400e1000588e100cf
:1054a8000690e1000798e1006efe3e000c4078008f
:1054b8004f0678004f05be004f04be000080fa007a
:1054c800000006006efe37000046eb007fb4970030
:1054d8008fbc97001fbd9700afbd97000040e1004b
:1054e80001c8e10002d0e10003d8e1005efe3d0002
:1054f800054678003fb29700cfb297005fb3970098
:10550800efb397000400e1000588e1000690e10090
:105518000798e10053fe3c000c4078004f067800e5
:105528004f05be004f04be000080fa0000000600d0
:1055380053fe37000802be000a03be004bef070007
:105548000000e00047fe3d000802be000a03be005e
:105558003fb09700cfb097005fb19700efb19700c9
:1055680047ef07000000e0003efe35000c407800e1
:105578004f0678004f05be004f04be000080fa00b9
:10558800000006003efe37000801be0041ef07009c
:105598000000e00033fe3d000801be000a00be0026
:1055a8003eef07000000e0002efe35000c407800ba
:1055b8004f0678004f05be004f04be000080fa0079
:1055c800000006002efe37000001eb000000e0009e
:1055d80002003a00020078000000060090017800fe
:1055e800818f51000c0032000300e000f9ff320007
:1055f800640140000200780092017800818f510018
:1056080005003200640141000300e000f9ff3a00a0
:1056180000000500f1ff37000001eb000300e00087
:10562800ecff32001000900000000600ebff37008e
:10563800efc06000e2cf50001800320007003600cb
:10564800e4cf50001c003200e8cf50000d003200bb
:105658000400be000601be0000000600e1cf5000b5
:10566800fbff3a00104278000482fb008002eb0046
:105678006033b8000400be000601be00000006004a
:10568800f6ff37003002be002003be000400be0053
:105698000601be0000000600f0ff37001002780087
:1056a8008002eb006033b8000400be000601be00b3
:1056b80000000600e9ff37001002be006033b800a2
:1056c8000400be000601be0000000600e3ff37002c
:1056d8000088eb000001780071024000f0024000f1
:1056e8008001eb000029eb00006aeb00850f5100f8
:1056f800fbff3a0042042100520898006022b800db
:105708006033b8000410980015109800261098000f
:1057180037109800441098005510980066109800ab
:1057280077109800031898002370980023189800a1
:105738006022b80034189800451898000041eb0022
:1057480022789800337898006318980073189800a6
:105758000320980023c09800242098003520980042
:10576800442098005520980043c898007420980059
:105778000528980011289800232898001200200076
:10578800322898006108980073089800412898000a
:1057980001828000c0089800000006000800fa0096
:1057a800881f78000004780028189000e60f500041
:1057b80014003e00e50f500030003900a87090003a
:1057c800081890009aff07000203be000002be00fe
:1057d800b0bf9f00c1bf9f00d2bf9f00e3bf9f0023
:1057e800080078008efd07000004e000fa0032008f
:1057f80040002000201c98004f0478000080fa0028
:1058080000000600e70f500080003200e80f50004b
:10581800f9ff3a0078189000e81890000001e800b5
:10582800721c9800810f5000f3ff39000000eb0054
:10583800701c9800287890000080fb008000eb0026
:1058480048219000d8219000000041008180490043
:105858004024980051249800e00f5000e08f580031
:10586800e5ff350020002000201c98004f04780038
:105878000080fa0000000600e2ff3700e20f500047
:10588800a0003200e40f5000df003200e10f5000aa
:10589800d9ff3a0078189000e81890000001e80055
:1058a800721c9800810f50002e0039000000eb0098
:1058b800701c980038199000c8199000287a900038
:1058c8000482fb008002eb0004024100858249004b
:1058d800482890008000eb00800f5200818f5a000a
:1058e800030036006011b800321c9800431c980071
:1058f8008043eb008782fb000040eb000503e800d3
:10590800f282420006034300060344008502440075
:10591800d8089000828040000082fb0016024200f6
:105928009448780061014100e0814900321c9800e8
:10593800431c98000040e800954f5000f4ff3900e0
:105948008743e8003878900080cf5300e9ff39009a
:105958007820900088289000820f5000838f58008c
:10596800bd003600a87090000818900030ff0700ae
:105978000203be000002be00b0bf9f00c1bf9f006f
:10598800d2bf9f00e3bf9f000800780024fd0700f6
:105998000004e0009000320048c890000004e000d5
:1059a8008d00320028209000b8209000e00f5000b1
:1059b800e08f5800ab00350038189000c8189000e8
:1059c800e00f5000e08f5800b100320078199000c5
:1059d8000200e000b5003a00287990000281fb003f
:1059e8008001eb000200500083805800402498009a
:1059f8005124980070002000201c98004f04780063
:105a08000080fa00000006007eff3700781890003a
:105a1800e81890000001e800721c9800810f5000ff
:105a280075ff39000000eb00701c980038199000d1
:105a3800c8199000287a90000482fb008002eb00cd
:105a48000402410085824900482890008000eb004c
:105a5800800f5200818f5a00030036006011b80091
:105a6800321c9800431c98008043eb008782fb009f
:105a78000040eb000503e800f28242000603430001
:105a88000603440085024400d80890008280400044
:105a98000082fb0016024200944878006101410030
:105aa800e0814900321c9800431c98000040e8003f
:105ab800954f5000f4ff39008743e800387890008c
:105ac80080cf5300e9ff390048209000d82090008b
:105ad800020150008381580028209000b8209000cf
:105ae800800f5100818f590051003e000000eb00eb
:105af800201c98004f0478000080fa00000006007f
:105b080040ff370078189000e81890000001e8007e
:105b1800721c9800810f5000280039000000eb002b
:105b2800701c980038199000c81990008043eb0049
:105b38008782fb000040eb000503e800f282420088
:105b4800060343000603440085024400d808900079
:105b5800828040000082fb001602420094487800d0
:105b680061014100e0814900321c9800431c980003
:105b78000040e800954f5000f4ff39008743e800e3
:105b88003878900080cf5300e9ff390028789000da
:105b98000080fb008000eb00020140008381480088
:105ba800482890008000eb00800f5100818f590039
:105bb800020036000000eb00201c9800082090002e
:105bc8000000e800002498004f0478000080fa00e4
:105bd800000006000bff37003fb89700cfb89700ca
:105be8005fb99700efb997004014980051149800d6
:105bf80062149800731498004f0478000080fa002b
:105c080000000600fffe3700082090000000e800b2
:105c180000249800781890000000e800701c980094
:105c28004f0478000080fa0000000600f5fe3700f7
:105c3800182a9000a82a90000201420083814a0095
:105c4800820f5000838f5800ebfe39000000eb00f4
:105c5800201c9800a7ff370010c0b30040cc980064
:105c680040ff370040249800512498006033b80062
:105c7800361c9800471c980080002000201c9800c3
:105c88004f0478000080fa0000000600ddfe3700af
:105c9800287890000080fb008000eb001829900015
:105ca800a8299000000051008180590040249800e4
:105cb8005124980070002000201c98004fff3700e6
:105cc8004071900082487800307a900094409800a3
:105cd80040799000a2409800507a9000b440980013
:105ce80060719000c240980030199000c01990006f
:105cf800481add004811de0002017200c819de00f2
:105d0800d240980000799000e2409800107a900004
:105d1800f44098002059900082489800500990005b
:105d2800cf91de00481add004811de000201720042
:105d3800c819de009248980050099000cf91de0003
:105d4800a348980050099000cf91de004819de0062
:105d5800b248980040c19000c248980020219000a5
:105d6800b0219000481add004811de0002017200df
:105d7800d248980060c19000e248980070c2900034
:105d8800f448980000c99000825098004021900083
:105d9800d0219000481add004811de00020172008f
:105da8009250980020c99000a250980030ca9000e4
:105db800b450980020d19000c2509800102990004b
:105dc800a0299000481add004811de000201720087
:105dd800c819de00d250980040d19000e2509800d7
:105de80050d29000f4509800405990008258980082
:105df80060099000f0099000481add004811de00a3
:105e080002017200c819de0092589800605990008b
:105e1800a258980070589000b058980020c8b30055
:105e2800c0589800d00105004f02b000889fbe00fe
:105e38008a9fbe008c9fbe008e1f78000004be00a3
:105e480082d79f001ec0b300e34f5100bd0036004b
:105e5800090578005a407800e84f5000b9003e0024
:105e68000004e000b70032000000eb00201c98009e
:105e78008040eb00307c9800002498006011b80046
:105e8800321c9800431c9800b9419000c819dd00e5
:105e9800294090000080fb0000804100601c9800b1
:105ea800701c98006022b8006033b8004414980051
:105eb800551498006614980077149800217c98006f
:105ec80020c0b30020c4980041cc98006022b800dc
:105ed80044249800552498001a04e000180232005f
:105ee8004bc0b300814678000b46e8000b80fb00ee
:105ef8000080440010477800e14f5700f500320059
:105f0800970031000d87fb000c86fb000e00e800af
:105f180000004000000044000c8644008c00e800ab
:105f28001181fb008001eb00481add00c812de0079
:105f3800850272004812dd001c81fb008001eb0025
:105f4800020842004c4090000e0744002057980079
:105f58002879900002414000227c9800a8c0900057
:105f680000c0400020c49800c82990000281fb00ae
:105f7800050009008281d80001805100102c98008a
:105f88008000eb00212c9800e6c545008d46e8000e
:105f98009acf1600d4ff3e008b80fb008b45e800ab
:105fa8000b80fb008b46e800818044009145780017
:105fb8002b7498000080440010467800e14f56008a
:105fc800f30132001d0131000d80fb000080440008
:105fd8008000e8001182fb008002eb00482bdd0006
:105fe800c823de00870373004823dd008080e800b3
:105ff8001182fb008002eb00c022dd0004002000bb
:106008000603420087834a001082fb008002eb00ef
:106018000600420087804a00001c980064c74600ba
:10602800efc66500e2cf5600000232001a013e00ba
:10603800e1cf56004e003a008e81fb008381440078
:10604800134278000482fb008002eb006033b80042
:106058000414980015149800261498003714980012
:106068000b04e0000a013500287090000054a000dd
:1060780020749800e44547008b80fb008180440031
:106088000100e8001082fb008002eb00482bdd00d5
:10609800c823de00870373004823dd000180e80081
:1060a8001082fb008002eb00c022dd00040020000b
:1060b8000603420087834a001182fb008002eb003e
:1060c8000603420087834a00e38040001180fb00fa
:1060d8008000eb00c802dd0004002000060042003a
:1060e80087804a002024980031249800f816070079
:1060f80070249800012c980064c045000080fb00c3
:10610800008044001080fb00302c9800e5c5450055
:106118008fd097008bcf5000bb0036000b80fb0060
:106128000080440012c0b300904f1100b600320046
:106138001a4578003a7c98001980fb00201c9800ca
:106148000047eb000e4078004f0778004f06be006e
:106158004f05be004f04be004f02b100000006000c
:10616800e24f570033003200e34f57000900320076
:106178001ec0b3000e4078004f0778004f06be00df
:106188004f05be004f04be004f02b10000000600dc
:10619800f3ff37000c86fb000082800010007800b7
:1061a8000c864400e30046001181fb004811dd0025
:1061b8008c80e8009180fb008100410002fd07000f
:1061c8000000e000eaff32000d87fb008e00e800c7
:1061d8008180400081004400900878004c40900085
:1061e8000e0744002057980028799000024140008b
:1061f800227c9800a8c0900000c0400020c49800ed
:10620800c82990000281fb00050009008281d8009e
:1062180001805100102c98008000eb00212c980080
:10622800e6c545008d46e8009acf16002eff3e00d1
:1062380059ff37000c86fb000082800010007800b0
:106248000c864400e30046001181fb004811dd0084
:106258008c80e8009180fb0081004100dafc070097
:106268000000e000c2ff32000d87fb008e00e8004e
:106278008180400081004400800878004c409000f4
:106288000e074400205798002879900002414000ea
:10629800227c9800a8c0900000c0400020c498004c
:1062a800c82990000281fb00050009008281d800fe
:1062b80001805100102c98008000eb00212c9800e0
:1062c800e6c545008d46e8009acf160006ff3e0059
:1062d80031ff37000c86fb000c8644000c00780068
:1062e800b0427800a5df9f0010407800a0d79f003b
:1062f8000282800012007800e30046009181fb00d2
:10630800c819dd008c80e8009180fb008180410085
:1063180092b79f00acfc07001fb197000000e00097
:1063280088ff320090017800120190001202780074
:10633800848f51000c0032000400e00081ff32001d
:10634800ec0041000101780011027800848f5100af
:1063580005003200ec8040000400e000f9ff3a003c
:106368001ec0b30083ff37000400e00080ff320046
:106378000200e0007eff32000d87fb002fd397005c
:10638800c831dd00afdb97008780fb0081804100ca
:1063980052019000020001008e00e8008180400058
:1063a80081004400800878000000e00070ff32009f
:1063b8004c4090000e074400205798002879900020
:1063c80002414000227c9800a8c0900000c0400014
:1063d80020c49800c82990000281fb00050009002c
:1063e8008281d80001805100102c98008000eb00b9
:1063f800212c9800e6c545008d46e8009acf160086
:10640800b9fe3e00e4fe3700a8709000081890001e
:1064180087fc0700401498005114980062149800f3
:10642800731498001a4578003a7c98001980fb008c
:10643800201c98000047eb0042ff3700e24f56004f
:10644800c3003200e34f560049ff3a008d80fb003d
:10645800008280001000780081804400e3814000c1
:106468009381fb00c819dd008180e8009180fb0062
:106478008180410054fc07001ec0b3000000e0000a
:1064880030ff320010007800001c9800e3fe37004f
:106498008ec54600f8fe3700e4cf5600f100320002
:1064a800e8cf560032ff3a008e81fb00838144001a
:1064b80083bf9f00134690000c82fb008002eb0014
:1064c8006033b800c83bdd004836de00870376003d
:1064d8004833dd00482ede0006037600c82add00ba
:1064e8004826de00850276004822dd00d4af9f00f2
:1064f800e5af9f00f6af9f0087b79f00234090004d
:106508000082fb008002eb006033b800860378004d
:1065180005037800840278000002eb005fa897006a
:10652800efa897007fa997008fb19700040040005b
:1065380085804800060149008781490090af9f0087
:10654800a1af9f00b2af9f00c3af9f008fb8970065
:10655800114278000480fb008000eb006011b80055
:106568001faa9700afaa97003fab9700cfab970041
:106578000002420081824a0002034b0083834b00e1
:10658800d4af9f00e5af9f00f6af9f0087b79f008d
:106598008fba9700354290000480fb008000eb0022
:1065a8006011b800c811dd00480ade0083017200de
:1065b8004809dd004802de0002017200c800dd0063
:1065c8000000eb005faa9700efaa97007fab970047
:1065d8008fb397000000420081804a0002014b00ff
:1065e80083814b0090af9f00a1af9f00b2af9f0087
:1065f800c3af9f008fba9700454290000480fb000c
:106608008000eb006011b800c0b79f00d1b79f00b1
:10661800e2b79f00f3b79f001faa9700afaa9700a1
:106628003fab9700cfab97000402be0006034000c3
:1066380087834800d4af9f00e5af9f00f6af9f0067
:1066480087b79f008fba9700554290000480fb00df
:106658008000eb006011b800c809dd004802de00c8
:10666800830172004801dd006000b8005faa97004e
:10667800efaa97007fab97008fb397000000420006
:1066880081804a0002014b0083814b0090af9f003c
:10669800a1af9f00b2af9f00c3af9f008fba970012
:1066a800654290000480fb008000eb006011b80098
:1066b800800178000001eb006000b8001faa970075
:1066c800afaa97003fab9700cfab970000004200fe
:1066d80081804a0002014b0083814b00c0b79f00b4
:1066e800d1b79f00e2b79f00f3b79f008fba97001a
:1066f800f54190000382fb008002eb006033b80094
:10670800c823dd000003eb006022b8004fb09700fb
:10671800dfb097006fb19700ffb197000400400009
:1067280085804800060149008781490000149800c7
:1067380011149800221498003314980048fe37006a
:106748006dc0b300500020004100200016fe370045
:106758008d80fb000082800010007800818044005a
:10676800e38140009381fb00c819dd008180e800c7
:106778009180fb008180410093fb07001ec0b3009d
:106788000000e0006ffe3200001c980023fe370076
:106798008d80fb008180440001007800b0417800c2
:1067a800104278000b8280001b007800e3824000d2
:1067b8009582fb00c82add008180e8009180fb00fb
:1067c8008180420093b79f00a4b79f007efb07001b
:1067d8000c4778009fb197002fb297000000e000a7
:1067e80058fe3200900378001b0390009602780050
:1067f800858f53003d0032000500e00051fe320055
:10680800ec0043000fd19700010378009102780053
:10681800858f530034003200ec8040000500e00012
:10682800f9ff3a001ec0b30052fe37008e81fb000c
:10683800838144000302e8001482fb004822dd0043
:106848009381fb00030242008002eb006033b80032
:10685800041498001514980026149800371498000a
:10686800fffd37008e81fb00838144000302e800ae
:106878001482fb008002eb00482bdd00c823de00f9
:10688800870373004823dd000382e8001482fb00bd
:106898008002eb00c022dd00040020000603420055
:1068a80087834a001382fb008002eb000603420044
:1068b80087834a00e38141001382fb008002eb00da
:1068c800c822dd00040020000602420087824a0038
:1068d8006033b80004149800151498002614980022
:1068e80037149800defd370082d79f001ec0b30022
:1068f8000500e00013fe32000600e00011fe320041
:10690800c820dd008381fb0083804000d601900011
:1069180003000100001c98000000e00009fe32009e
:10692800a8759000bdfd3700000005000000fa00c2
:1069380001eba8000080fa00000006000000fa0041
:1069480001eba9000080fa00000006000000fa0030
:1069580008cba8000080fa00000006000000fa003a
:1069680008cba9000080fa00000006000200fa0027
:10697800000f78000080fa00000006000400fa000a
:10698800100798000000eb00000f78001e00900030
:10699800e20f500014003200e20f500005003e00e4
:1069a8000000e0000a003200e10f50000b00320046
:1069b80019003700e40f500011003200e40f5000b6
:1069c8000c003900e50f50001000320012003700ab
:1069d80061608000010f78000f003700716080004f
:1069e800010f78000c00370081608000010f7800eb
:1069f8000900370091608000010f78000600370019
:106a0800a1608000010f780003003700f16080006a
:106a1800010f7800000000001e0078000080fa00d6
:106a2800000006000400fa00100798000040eb0080
:106a3800004f78001e009000e20f50002200320044
:106a4800e20f500005003e000000e0000a0032009e
:106a5800e10f50001200320043003700e40f5000ed
:106a68002d003200e40f500021003900e50f5000de
:106a7800330032003c0037008059800000800a0053
:106a8800000000000080fb0000f0a7000000ea0002
:106a98000000ea004f00de00004f780032003700a7
:106aa8008059800011800a00000000000080fb006f
:106ab80000f0a7000000ea000000ea004f00de0036
:106ac800004f7800280037008059800022800a0093
:106ad800000000000080fb0000f0a7000000ea00b2
:106ae8000000ea004f00de00004f78001e0037006b
:106af8008059800033800a00000000000080fb00fd
:106b080000f0a7000000ea000000ea004f00de00e5
:106b1800004f7800140037008059800044800a0034
:106b2800000000000080fb0000f0a7000000ea0061
:106b38000000ea004f00de00004f78000a0037002e
:106b48008059800099800a00000000000080fb0046
:106b580000f0a7000000ea000000ea004f00de0095
:106b6800004f7800000000001e4078000080fa0006
:106b7800000006000200fa00000f78001e007800ee
:106b880000407800634060000080fb006300600004
:106b98004500dd0012588000f1f92f0081006100e6
:106ba80001007000105888000080fa0000000600fc
:106bb8000000fa002b48a8000080fa000000060038
:106bc8000000fa002b48a9000080fa000000060027
:106bd8000000fa000b48a9000080fa000000060037
:106be8000200fa00000f78001e00780000407800cc
:106bf8006740600067406000674060000080fb00fd
:106c0800670060004800dd0062438000f18f2f00bc
:106c18008100610001007000604388000080fa0074
:106c2800000006000200fa00000f78001e0078003d
:106c3800e20f500014003200e20f500005003e0041
:106c48000000e0000a003200e10f50000b003200a3
:106c580019003700e40f500011003200e40f500013
:106c68000c003900e50f5000100032001200370008
:106c78002b68a800200ba8000f0037002b88a8005d
:106c8800202ba8000c0037002ba8a800204ba80038
:106c9800090037002bc8a800206ba80006003700a1
:106ca8002be8a800208ba800030037002c88a80038
:106cb800212ba800000000000080fa000000060058
:106cc8000200fa00000f78001e007800e20f500062
:106cd80014003200e20f500005003e000000e00002
:106ce8000a003200e10f50000b0032001900370093
:106cf800e40f500011003200e40f50000c0039007e
:106d0800e50f500010003200120037002b68a90070
:106d1800200ba9000f0037002b88a900202ba90001
:106d28000c0037002ba8a900204ba9000900370048
:106d38002bc8a900206ba900060037002be8a90082
:106d4800208ba900030037002c88a900212ba9005b
:106d5800000000000080fa00000006000200fa00af
:106d6800000f78001e007800e20f50001200320079
:106d7800e20f500005003e000000e0000a0032006b
:106d8800e10f50000a00320013003700e40f5000f2
:106d98000d003200e40f500009003900e50f5000e3
:106da8000b0032000c0037000b68a9000a003700fe
:106db8000b88a900080037000ba8a90006003700b7
:106dc8000bc8a900040037000be8a900020037002f
:106dd8000c88a900000000000080fa0000000600ee
:106de8000400fa00000f7800110798001e007800d0
:106df800e20f500025003200e20f500005003e006f
:106e08000000e0000a003200e10f500014003200d8
:106e18004d003700e40f500034003200e40f5000fa
:106e280026003900e50f50003c00320046003700cc
:106e38001e00900000407800674060000080fb0062
:106e4800670060004c00dd0062438000f1ff28000d
:106e58008100610001007000604388003a0037003b
:106e68001e00900000407800674060000080fb0032
:106e7800670060007243800081ff2f00810061007d
:106e880001007000704388002f0037001e0090003a
:106e980000407800674060000080fb0067006000e9
:106ea8004400dd0072438000f1f82f00810061008a
:106eb8000100700070438800230037001e00900016
:106ec80000407800674060000080fb0067006000b9
:106ed8004800dd0072438000f18f2f0081006100bf
:106ee8000100700070438800170037001e009000f2
:106ef80000407800674060000080fb006700600089
:106f08004c00dd0072438000f1ff28008100610021
:106f180001007000704388000b0037001e009000cd
:106f280000407800674060000080fb006700600058
:106f38009243800081ff2f008100610001007000f2
:106f480090438800000000000080fa00000006005e
:106f58000000fa00002bef000006200010588800ff
:106f6800042bef000003200030588800082bef00a6
:106f78000a2bef00102bef00122bef00142bef0061
:106f8800202bef00222bef00302bef00322bef00ed
:106f9800382bef00402bef00482bef00502bef0071
:106fa8003a2bef00422bef004a2bef00522bef0059
:106fb8003c2bef00442bef004c2bef00542bef0041
:106fc8003e2bef00462bef004e2bef00562bef0029
:106fd800682bef006c2bef00702bef00742bef0089
:106fe80000402000505b880000402000705b880053
:106ff80000402000905b880000402000b05b8800c3
:10700800a02bef00a42bef00a82bef00ac2bef0078
:10701800d02bef00d22bef00f02bef00f22bef007c
:10702800f82bef00fa2bef00022cef000c2cef00ee
:107038000e2cef00102cef00122cef00142cef0098
:10704800162cef00182cef001a2cef001c2cef0068
:107058001e2cef00202cef00222cef00242cef0038
:10706800262cef00282cef002a2cef002c2cef0008
:107078002e2cef0000a923001e01070040ac2300be
:107088003601070020be2300c301070011608000fd
:1070980000f02000010070001060880001eba800db
:1070a8006000070010102000005c8800101020000d
:1070b800105c880080002000205c8800862bef0090
:1070c80000102000405c88008a2bef008c2bef001a
:1070d8008e2bef00902bef000080fa0000000600d6
:1070e8000000fa0001eba900002bef0000062000c9
:1070f80010588800042bef00062bef00082bef0038
:107108000a2bef00102bef00122bef00142bef00cf
:10711800202bef00222bef00302bef00322bef005b
:10712800382bef00402bef00482bef00502bef00df
:107138003a2bef00422bef004a2bef00522bef00c7
:107148003c2bef00442bef004c2bef00542bef00af
:107158003e2bef00462bef004e2bef00562bef0097
:10716800682bef006c2bef00702bef00742bef00f7
:107178006a2bef006e2bef00722bef00762bef00df
:10718800802bef00822bef00842bef00862bef0083
:10719800882bef008a2bef008c2bef008e2bef0053
:1071a800902bef00a02bef00a42bef00a82bef00f3
:1071b800ac2bef00d02bef00d22bef00f02bef0021
:1071c800f22bef00f82bef00fa2bef00002cef006a
:1071d800022cef000c2cef000e2cef00102cef000f
:1071e800122cef00142cef00162cef00182cef00d7
:1071f8001a2cef001c2cef001e2cef00202cef00a7
:10720800222cef00242cef00262cef00282cef0076
:107218002a2cef002c2cef002e2cef000080fa0017
:10722800000006000000fa0000eca80000000000c2
:107238000160800000002800008060000000e0007d
:10724800fbff32000aeba8000080fa0000000600ed
:107258000600fa0010079800210798000000eb00cc
:10726800000f78001e009000e10f5000130032005c
:10727800e10f500005003900e20f50001b003200fa
:10728800e30f500025003200370037002e00900031
:10729800e10f500003003a00a0002000000f780022
:1072a800310037002e009000e20f500027003a000e
:1072b800b0002000000f78002b0037002e0090004f
:1072c800e10f500003003a0080002000000f780012
:1072d800250037002e009000e20f50001d003a00f4
:1072e80090002000000f78001f0037002e0090004b
:1072f800e10f500003003a0060002000000f780002
:10730800190037002e009000e20f500013003a00d9
:1073180070002000000f7800130037002e00900046
:10732800e10f500003003a0040002000000f7800f1
:107338000d0037002e009000e20f500009003a00bf
:1073480050002000000f7800070037000000000000
:1073580005003700000000000300370000000000af
:1073680001003700000000001e0078000080fa00cd
:10737800000006000800fa0010079800210798008e
:1073880032079800be0090002e009000b0ff070062
:10739800000f78001e009000e20f50002500320018
:1073a800e20f500005003e000000e0000a00320035
:1073b800e10f5000130032004c003700e40f50007a
:1073c80033003200e40f500025003900e50f50006b
:1073d8003a003200450037001e007800004078006f
:1073e8007f4060000080fb007f006000025c80003e
:1073f80001fe2f008100610001007000005c880020
:107408003a0037001e007800004078007f40600096
:107418000080fb007f0060004800dd00025c800007
:10742800f10f2e008100610001007000005c8800ef
:107438002e0037001e007800004078007f40600072
:107448000080fb007f006000125c800001fe2f00be
:107458008100610001007000105c88002300370083
:107468001e007800004078007f4060000080fb002c
:107478007f0060004800dd00125c8000f10f2e00e4
:107488008100610001007000105c8800170037005f
:107498001e007800004078007f4060000080fb00fc
:1074a8007f006000225c800001fe2f0081006100e7
:1074b80001007000205c88000c0037001e00780076
:1074c800004078007f4060000080fb007f00600083
:1074d8004800dd00425c8000f10f2e008100610051
:1074e80001007000405c8800000000000080fa0085
:1074f800000006000200fa00000f78001e00780065
:107508000000e000020032009e00780061818800df
:107518000080fa00000006000000fa000080fa006f
:10752800000006000000fa005140800000402000e2
:10753800008060000000e0000600320060818000ea
:107548000000e000020032006081800000000100bd
:107558000b48a9000080fa00000006000200fa00ab
:10756800000f78001e0078000000e00002003200e2
:107578009e007800718188000080fa0000000600f3
:107588000400fa00000f7800110798000080fa0044
:10759800000006000400fa00100798001e00900082
:1075a800e20f50002a003200e20f500005003e00b2
:1075b8000000e0000a003200e10f5000160032001f
:1075c80073003700e40f50003d003200e40f500014
:1075d8002d003900e50f5000470032006c003700dd
:1075e80080598000610060000000e0005100320016
:1075f80061608000010f7800708180000000e00069
:107608004e003200728180009e0078001e009000bb
:10761800020001005e0037008059800062006000af
:107628000000e0004700320071608000010f780020
:10763800708180000000e000440032007281800008
:107648009e0078001e0090000200010050003700e4
:1076580080598000640060000000e0003d003200b6
:1076680081608000010f7800708180000000e000d8
:107678003a003200728180009e0078001e0090005f
:107688000200010042003700805980006800600055
:107698000000e0003300320091608000010f7800a4
:1076a800708180000000e0003000320072818000ac
:1076b8009e0078001e009000020001003400370090
:1076c80080598000700060000000e000290032004e
:1076d800a1608000010f7800708180000000e00048
:1076e80026003200728180009e0078001e00900003
:1076f8000200010026003700815980000020200088
:10770800008060000000e0001e003200f160800090
:10771800010f7800708180000000e0001b0032003b
:10772800728180009e0078001e0090000200010017
:1077380017003700000000001500370000000000a7
:10774800130037000000000011003700000000009f
:107758000f003700000000000d0037000000000097
:107768000b0037000000000009003700000000008f
:107778000700370000000000050037000000000087
:10778800030037000000000001003700000000007f
:107798000080fa00000006000200fa00000f7800de
:1077a8001e0078000000e000020032009e00780011
:1077b800818188000080fa00000006000200fa00bb
:1077c800000f78000080fa00000006000200fa00ae
:1077d800000f78001e007800e30f500003003a0005
:1077e80097e3a80000000000010037000000000037
:1077f8000080fa00000006000200fa00000f78007e
:107808001e007800e30f500003003a0097e3a90038
:107818000000000001003700000000000080fa00ae
:10782800000006000400fa00000f78001107980015
:107838001e007800e30f500018003a001e00900068
:1078480000407800674060000080fb00670060002f
:10785800b21c800081ff2f008100610001007000d0
:10786800b01c88001e009000e20f500006003a008d
:10787800f11c8000f0fc2f00008060000040a00098
:10788800f01c880006003700f11c8000f0fc2f0077
:1078980000806000f01c8800010037000000000034
:1078a8000080fa00000006000000fa0097e3a80034
:1078b8000080fa00000006000000fa0097e3a90023
:1078c8000080fa00000006000200fa00000f7800ad
:1078d8009e007800511888000080fa000000060019
:1078e8000200fa00000f78009e0078004118880016
:1078f8000080fa00000006000200fa00000f78007d
:107908009e007800311888000080fa000000060008
:107918000400fa00000f7800110798001e00780094
:10792800e30f500004003a009e009000f11d88000b
:107938000000000001003700000000000080fa008d
:10794800000006000400fa00000f780011079800f4
:107958001e007800e30f500004003a009e009000db
:10796800d11d880000000000010037000000000061
:107978000080fa00000006000400fa00000f7800fa
:10798800110798001e007800e30f50000c003a0021
:107998001e00900000407800614060000080fb00fd
:1079a800610060004d00dd00c11c800001d0a10015
:1079b80001007000c01c88000000000001003700b2
:1079c800000000000080fa00000006000400fa0031
:1079d800000f7800110798001e007800e30f500090
:1079e80004003a009e009000c11d880000000000bd
:1079f80001003700000000000080fa0000000600c7
:107a08000400fa00000f7800110798001e007800a3
:107a1800e30f50000d003a001e009000004078006f
:107a2800634060000080fb00630060004a00dd00e6
:107a3800e21c8000f13f2f0081006100010070000e
:107a4800e01c880000000000010037000000000072
:107a58000080fa00000006000400fa00000f780019
:107a6800214798001e007800e30f500014003a00e8
:107a7800e01c8000ba800a0000000000e1406000bd
:107a88002e4090000080fb0000004000004078007d
:107a980000c07000634060000080fb00630060006d
:107aa8004a00dd00e21c8000f13f2f0081006100e8
:107ab80001007000e01c8800000000000100370091
:107ac800000000000080fa00000006000400fa0030
:107ad800000f7800214798001e007800e30f50003f
:107ae80011003a00e01c8000ba800a000000000083
:107af800e24060002e40900000c0700063406000cb
:107b08000080fb00630060004a00dd00e21c80008a
:107b1800f13f2f008100610001007000e01c880027
:107b28000000000001003700000000000080fa009b
:107b3800000006000400fa00100798000000eb009f
:107b4800000f78001e009000e30f500006003a0076
:107b5800e01c8000ba800a00000000000080fb00e2
:107b6800000f780001003700000000001e007800b8
:107b78000080fa00000006000200fa00000f7800fa
:107b88001e007800e30f500003003a009da3a800f0
:107b98000000000001003700000000000080fa002b
:107ba800000006000200fa00000f78001e007800ae
:107bb800e30f500003003a009d83a8000000000076
:107bc80001003700000000000080fa0000000600f5
:107bd8000200fa00000f78001e007800e30f500042
:107be80003003a009da3a90000000000010037002f
:107bf800000000000080fa00000006000200fa0001
:107c0800000f78001e007800e30f500003003a00d0
:107c18009d83a9000000000001003700000000005b
:107c28000080fa00000006000400fa00000f780047
:107c3800110798001e007800e30f500004003a0076
:107c48009e009000311e88000000000001003700ef
:107c5800000000000080fa00000006000400fa009e
:107c6800000f7800110798001e007800e30f5000fd
:107c780004003a009e009000411e880000000000a9
:107c880001003700000000000080fa000000060034
:107c98000400fa00000f7800110798001e00780011
:107ca800e30f500006003a009e009000311e880045
:107cb8009e009000411e880000000000010037006f
:107cc800000000000080fa00000006000400fa002e
:107cd800000f7800110798001e007800e30f50008d
:107ce80004003a009e009000011e88000000000079
:107cf80001003700000000000080fa0000000600c4
:107d08000400fa00000f7800110798001e007800a0
:107d1800e30f500017003a001e009000e20f5000d9
:107d28000c003200e20f500003003e00e10f50004b
:107d3800060032000d003700e30f50000700320044
:107d4800e40f50000700320008003700a3e3a80042
:107d580006003700a3c3a80004003700a3a3a800a7
:107d680002003700a383a800000000000000000004
:107d780001003700000000000080fa000000060043
:107d88000400fa00000f7800110798001e00780020
:107d9800e30f500017003a001e009000e20f500059
:107da8000c003200e20f500003003e00e10f5000cb
:107db800060032000d003700e30f500007003200c4
:107dc800e40f50000700320008003700a3e3a900c1
:107dd80006003700a3c3a90004003700a3a3a90025
:107de80002003700a383a900000000000000000083
:107df80001003700000000000080fa0000000600c3
:107e08000400fa00000f7800110798001e0078009f
:107e1800e30f500017003a001e009000e20f5000d8
:107e28000c003200e20f500003003e00e10f50004a
:107e3800060032000d003700e30f50000700320043
:107e4800e40f500007003200080037009bc3a90068
:107e5800060037009ba3a900040037009b83a900f4
:107e6800020037009be3a9000000000000000000aa
:107e780001003700000000000080fa000000060042
:107e88000600fa0010079800210798000040eb0050
:107e9800004f78001e009000e30f500037003a00b2
:107ea8002e009000e20f500014003200e20f500044
:107eb80003003e00e10f5000060032002d0037009d
:107ec800e30f500017003200e40f50001f0032008b
:107ed80028003700d01c8000ee800a000000000057
:107ee8000080fb0000f0a7000000ea000000ea00a4
:107ef8004f00de00004f78001f003700d01c8000c4
:107f0800dd800a00000000000080fb0000f0a700f0
:107f18000000ea000000ea004f00de00004f780091
:107f280015003700d01c8000cc800a00000000003b
:107f38000080fb0000f0a7000000ea000000ea0053
:107f48004f00de00004f78000b003700d01c800087
:107f5800ff800a00000000000080fb0000f0a7007e
:107f68000000ea000000ea004f00de00004f780041
:107f78000100370000000000010037000000000089
:107f88001e4078000080fa00000006000200fa0097
:107f9800000f78001e007800e30f500003003a003d
:107fa8009a63a800000000000100370000000000ec
:107fb8000080fa00000006000400fa00100798008c
:107fc8000040eb00004f78001e009000e30f5000c7
:107fd8000a003a00d01c800044800a00000000001b
:107fe8000080fb0000f0a7000000ea000000ea00a3
:107ff8004f00de00004f780001003700000000004d
:108008001e4078000080fa00000006000400fa0014
:10801800000f7800110798001e007800e30f500049
:1080280004003a009e009000011e88000000000035
:1080380001003700000000000080fa000000060080
:108048000400fa00000f7800110798001e0078005d
:10805800e30f500004003a009e009000111e8800b3
:108068000000000001003700000000000080fa0056
:10807800000006000400fa00000f780011079800bd
:108088001e007800e30f500004003a009e009000a4
:10809800211e8800000000000100370000000000d9
:1080a8000080fa00000006000400fa00000f7800c3
:1080b800110798001e007800e30f500010003a00e6
:1080c8001e009000e20f500006003200e30f50003f
:1080d80006003200e10f500006003a00a103a80094
:1080e80005003700a123a80003003700a143a8001a
:1080f8000100370000000000000000000100370008
:10810800000000000080fa00000006000400fa00e9
:10811800000f7800110798001e007800e30f500048
:1081280010003a001e009000e20f500006003200d6
:10813800e30f500006003200e10f500006003a003d
:10814800a103a90005003700a123a90003003700f7
:10815800a143a90001003700000000000000000052
:1081680001003700000000000080fa00000006004f
:108178000400fa00000f7800110798001e0078002c
:10818800e30f500010003a001e009000e20f50006c
:1081980006003200e30f500006003200e10f5000e5
:1081a80006003a00a2a3a80005003700a2c3a80051
:1081b80003003700a2e3a800010037000000000018
:1081c8000000000001003700000000000080fa00f5
:1081d800000006000400fa00000f7800110798005c
:1081e8001e007800e30f500010003a001e009000b7
:1081f800e20f500006003200e30f50000600320084
:10820800e10f500006003a00a2a3a90005003700bc
:10821800a2c3a90003003700a2e3a90001003700a8
:10822800000000000000000001003700000000000e
:108238000080fa00000006000200fa00000f780033
:108248001e007800e30f500003003a00a4e3a800e2
:108258000000000001003700000000000080fa0064
:10826800000006000000fa0080002000b01c880012
:10827800ca23ef00aa23ef00a823ef000010200074
:10828800c01c8800007d2000d01d8800bc23ef00a2
:10829800c823ef00c623ef00a223ef0090102000b0
:1082a800001d8800ae23ef00ac23ef00a623ef00eb
:1082b800a423ef00c0012000f01c8800002020004b
:1082c800e01c8800b623ef00b423ef00f0f920008b
:1082d800f01d8800b823ef00b223ef00b023ef00b1
:1082e8009a23ef00c023ef00c223ef00c423ef005e
:1082f8001023ef000e23ef000223ef000423ef000a
:108308000c23ef001223ef001423ef001623ef00d5
:108318001823ef001a23ef001c23ef000823ef00b7
:1083280000012000501888000623ef000023ef000a
:108338001e23ef002023ef002223ef002423ef0069
:108348002623ef002823ef00a02224003600070090
:108358000080fa00000006000000fa0056fd070041
:108368009623ef00ca23ef00aa23ef00a823ef000b
:108378009823ef00ba23ef00bc23ef00c823ef00d7
:10838800c623ef00a223ef00a023ef00ae23ef00e7
:10839800ac23ef00a623ef00a423ef009e23ef00f9
:1083a8009c23ef00b623ef00b423ef00be23ef00b9
:1083b800b823ef00b223ef00b023ef009a23ef00b9
:1083c800c023ef00c223ef00c423ef001023ef0007
:1083d8000e23ef000223ef000423ef000c23ef002d
:1083e8001223ef001423ef001623ef001823ef00e9
:1083f8001a23ef001c23ef000823ef000a23ef00e5
:108408000623ef000023ef001e23ef002023ef00d8
:108418002223ef002423ef002623ef002823ef0078
:108428000080fa00000006000200fa00000f780041
:108438001e0078000000e000020032009e00780074
:10844800c18188000080fa00000006000200fa00de
:10845800000f78000080fa00000006000200fa0011
:10846800000f78001e007800e30f50000d003a005e
:108478004140800000022000008060000000e00011
:108488000a003200c08180000000e00003003200d2
:10849800c18180001e0078000100010008a8a90021
:1084a8000300370000000000010037000000000052
:1084b8000080fa000000060021c0b3004140980087
:1084c800b000900012c2b300924098009000900053
:1084d8000104010065014000d3c2b30092cf11002e
:1084e800db003600e1c2b30041409800e6004000de
:1084f8001102e800004aeb001182e80055c0b30001
:10850800054a78009102780063824200004aeb0035
:10851800910278006482420005828000c552900072
:10852800054a780091027800658242000582800041
:10853800d5529000054a7800910278006682420080
:10854800124a7800110278006701420004c1b300a2
:1085580004497800910278006881420024c8b30079
:10856800044978001102780069014200d4c4b300bc
:1085780004497800910278006a81420014c6b30069
:1085880004497800110278006b01420094c7b300d7
:108598000449780022c3b300910278006c8242003b
:1085a800024a7800910278006d82420075c3b300d8
:1085b800054a7800910278006e824200024a7800eb
:1085c800910278006f82420005c3b300054a780023
:1085d8009102780070824200024a78009102780085
:1085e80071824200024a780012c3b30091027800f7
:1085f80072824200024a7800910278007382420037
:10860800024a780032c3b3009102780074824200b3
:10861800024a78009102780075824200024a780086
:1086280002828000320990000200e0008f003200d0
:1086380011027800f6014200924978000282800017
:10864800b20990009102780077814200934190002e
:108658000349780002828000b20990001102780074
:1086680078014200a341900003497800028280000b
:10867800b20990009102780079814200c3419000cc
:108688000349780002828000b20990001102780044
:108698007a014200d34190000349780002828000a9
:1086a800b2099000910278007b814200f34190006a
:1086b8000349780002828000b20990001102780014
:1086c8007c014200834990000349780002828000bf
:1086d800b2099000910278007d8142009349900090
:1086e8000349780002828000b209900011027800e4
:1086f8007e014200a349900003497800028280006d
:10870800b2099000910278007f814200b34990003d
:108718000349780002828000b20990000402200018
:1087280011014200c3499000034978000282800089
:10873800b20990001502200011814200e34990001f
:108748000349780002828000b209900024022000c8
:1087580011014200f34990000349780035022000d6
:108768001181420003828000e341900003497800b0
:108778004302200011814100038280008349900058
:10878800034978005402200011014200038280004e
:108798009349900003497800650220001181420046
:1087a80003828000a3499000034978000282800078
:1087b80052029000e20290004829dd004822de00c3
:1087c80004027100c82ade007302200011814100f2
:1087d80004497800840220001101420003828000cd
:1087e800c349900003497800950220001181420096
:1087f80003828000d34990000349780002828000f8
:10880800cf91de00a502200011824200024a7800c2
:10881800c81bde00481add004813de00060372009c
:10882800b502200011824200064a7800c5022000e5
:1088380011824200034a78004819de00d302200062
:108848009180410082487800900090000104010066
:1088580021c0b30041409800b000900052c1b3005d
:10886800924098009000900001040100c2c0b3003b
:10887800034278008281fb0091814100e451980015
:108888000241e900e14f4100b4ff32008281fb0060
:1088980091814100e45198000241e900e14f410013
:1088a800f4ff3a00adff3700889fbe008a1f7800aa
:1088b80000047800e6044400990078002142900002
:1088c80001037800564078000a8280009a017800f7
:1088d8000300e000840032004822dd000080fb0035
:1088e8000002420013017800820f52001400320087
:1088f8000200e00008003200648041008001780036
:1089080010017800820f52000d0032006400400010
:108918000200e000f9ff3a0000c4b30021c0b30030
:1089280041449800004b78009800900008007800b7
:10893800010001004f0578004f04be00000006004a
:108948000200e000f4ff320013009000e403450049
:10895800170178000200e00016003200920178004a
:108968000001eb00848f51000f003200420020000c
:108978000300e00070003200970141009301780085
:10898800848f510008003200e40241000300e00037
:108998000500320005017800970141009301780035
:1089a800848f5100f8ff3a00970141001300e0005e
:1089b80039003a008a027800550178000200e00088
:1089c8006200320090037800920178000001eb0009
:1089d800878f51000f0032000300e0000d003200c5
:1089e800c20020009501410093017800878f510053
:1089f800080032006c0241000300e000050032006c
:108a0800040178009501410093017800878f510097
:108a1800f8ff3a00950141001300e000130032000e
:108a2800640544001a42780063415200e380400024
:108a3800c3019000030001000004e00032003a0086
:108a480021c0b300014d78009900e8008048780003
:108a58009800900008007800010001004f05780098
:108a68004f04be0000000600b5ff370020c0b30069
:108a78004044980010c4b300004b78009800900060
:108a880008007800010001004f0578004f04be007f
:108a980000000600aaff3700640544001a42780067
:108aa80063415200e38040009301900003000100fd
:108ab8000004e0009fff320020c0b300004d7800a2
:108ac8001900e80021c4b30001487800980090001c
:108ad80008007800010001004f0578004f04be002f
:108ae8000000060096ff370030c4b30021c0b30071
:108af80041449800004b78009800900008007800e6
:108b0800010001008bff370020c0b300004d780042
:108b18001900e80041c1b3000148780098009000ae
:108b280008007800010001004f0578004f04be00de
:108b38000000060082ff37000001eb0097014100aa
:108b48001300e0009bff3200d3ff370020c0b300c2
:108b58004044980040c4b300004b7800980090004f
:108b680008007800010001004f0578004f04be009e
:108b78000000060072ff3700889fbe0000047800de
:108b8800e6044400990378008780e80011427800e1
:108b98005740780005828000950178000300e000c6
:108ba8004c0032004822dd000080fb000002420039
:108bb80013017800820f5200130032000200e00017
:108bc80008003200648041008001780010017800bc
:108bd800820f52000c003200640040000200e000e6
:108be800f9ff3a0000c4b30021c0b3004144980023
:108bf800804b780098009000080078000100010080
:108c08004f04be00000006000200e000f5ff32003d
:108c180013009000550178000200e0003500320092
:108c280010037800920178000001eb00868f510054
:108c38000f0032000300e0000d003200c2002000e7
:108c48009501410093017800868f51000800320099
:108c58006c0241000300e0000500320004017800c6
:108c68009501410093017800868f5100f8ff3a0082
:108c7800150141001200e0000c00320032019000a2
:108c880002000100e400440080c8e8001900e80080
:108c98000048eb00980090000800780001000100ef
:108ca8004f04be0000000600d7ff370020c0b30005
:108cb8004044980010c4b300804b7800980090009e
:108cc80008007800010001004f04be000000060003
:108cd800cdff370030c4b30021c0b3004144980031
:108ce800804b78009800900008007800010001008f
:108cf800c3ff370020c0b3004044980040c4b3000d
:108d0800804b78009800900008007800010001006e
:108d18004f04be0000000600bbff3700b000900003
:108d280051417800e24f5100380032000c00360003
:108d3800e44f51003f0032001e0031003300200094
:108d480002828000330198000041eb0082487800dd
:108d580021c0b30041409800900090000104010038
:108d68000204e0000a003a00028280006601410025
:108d78000009eb000041eb008248780021c0b300f5
:108d8800414098009000900001040100f4ff370072
:108d9800e14f51001300320022c2b300824878002c
:108da80021c0b300414098009000900001040100e8
:108db800ebff3700e54f5100f7ff3a005300200062
:108dc80002828000330198000041eb00824878005d
:108dd80021c0b300414098009000900001040100b8
:108de800dfff370013002000028280003301980063
:108df8000041eb008248780021c0b3004140980050
:108e08009000900001040100d5ff370023002000e6
:108e180002828000330198000041eb00824878000c
:108e280021c0b30041409800900090000104010067
:108e3800cbff3700430020000282800033019800f6
:108e48000041eb008248780021c0b30041409800ff
:108e58009000900001040100c1ff3700e6004000c7
:108e68001101e8000049eb009180e80002828000cf
:108e7800624190008248780031c0b30041409800b8
:108e8800900090000104010022c0b3004240980005
:108e980030019000114198009000900001040100f9
:108ea80021562200835922000226240082287800b5
:108eb800838f5000fdff3a00415622004100980080
:108ec800000006004000900080007800e2262400a0
:108ed800821878002273240082087800216924000f
:108ee800210098008145240021109800015c24008d
:108ef80011109800000006000600fa0010079800fc
:108f0800414798004e4090000004a200004f7800ae
:108f18009e009000f0072000808f50000d003e005a
:108f28001e00900000407800004040009e40700005
:108f3800105e220001487800705e2200ce4090004a
:108f480001487800605e22008040eb00014878000c
:108f5800130037001e0090004700de000040780034
:108f6800664060009e40700000cfb30080c0700073
:108f7800005e2200014878001e00900080407800c2
:108f8800105e220001487800605e220011c0b30024
:108f980001487800705e2200ce40900001487800b9
:108fa8000080fa00000006000000fa00211080008e
:108fb80000082000008060000000e000010032008e
:108fc80004e2a9000080fa00000006000000fa0090
:108fd8002110800000042000008060000000e000f4
:108fe8000100320004c2a9000080fa000000060057
:108ff8000000fa002110800000402000008060007e
:109008000000e000010032000542a9000080fa00db
:10901800000006000000fa00d02e81008000eb005e
:109028009200200003002000820f5000838f580018
:10903800de003e0000060100090037000800370086
:10904800470037002c003700190037009900370017
:1090580052003700a6003700c3003700c6003700ab
:10906800e02e81000000e00006003a00f02e8100aa
:109078000000e000cf003200c02e81000000e000b8
:10908800ce003a00605e2200104078000004e00044
:109098000300320040002000d02e89000200370073
:1090a80020002000d02e89000002a800ca00370046
:1090b80020108000610060000000e000c1003a005c
:1090c800005e2200104078000080fb00a01088009d
:1090d800705e2200104078000004e00003003200b7
:1090e80030002000d02e8900bb003700500020003f
:1090f800d02e8900b8003700211080000000280019
:10910800008060000000e0000f003a00105e2200be
:10911800104078000080fb00a0108800705e2200dc
:10912800104078000004a2000004e00003003200b0
:1091380050002000d02e8900a700370060002000d2
:10914800d02e8900a40037000042a800100020009b
:10915800c02e890090002000d02e89009e00370084
:10916800105e2200104078000080fb00a0108800ec
:10917800705e2200104078000004a2000004e000a5
:109188000300320050002000d02e890092003700e2
:1091980060002000d02e89008f0037002110800049
:1091a80000002800008060000000e0003b003a005a
:1091b800e02e81000000e000120032002010800044
:1091c800610060000000e00080003a00102f81007c
:1091d8000000e00007003200102f810010407800e6
:1091e8000080fb00a0108800102f81000000e8001c
:1091f800102f8900e02e81000000e900e02e890090
:1092080075003700f02e81000000e0001d003200dc
:109218000022a800605e2200104078000004e000f0
:109228000c003200005e2200104078008040780078
:109238000104a000005e220001487800705e220050
:109248008040eb000148780040002000d02e8900c3
:1092580061003700105e22001040780080407800de
:109268000104a000105e220001487800705e220010
:109278008040eb000148780020002000d02e8900b3
:10928800550037000042a80090002000d02e890029
:109298000000eb00c02e89004f0037000042a800f4
:1092a80010002000c02e890090002000d02e8900d8
:1092b800490037002110800000002800008060006d
:1092c8000000e00004003a000062a80070002000de
:1092d800d02e8900400037000042a800100020006e
:1092e800c02e890090002000d02e89003a00370057
:1092f80020108000620060000000e00035003200ad
:10930800202f81000000e00007003200202f81009c
:10931800c11080008140780001487800202f81002a
:109328000000e800202f8900f02e81000000e900ed
:10933800f02e8900f02e81000000e00005003200c8
:1093480000a2a9000082a80080002000d02e890079
:109358002100370000a2a8000082a8009000200089
:10936800d02e89001c0037000062a8007000200081
:10937800d02e89001800370020108000700060008f
:109388000000e00001003a000042a800b08180001f
:109398000000e00002003200b081800000000100ff
:1093a8000000eb00d02e89000b0037000000000001
:1093b8000900370000000000070037000000000027
:1093c800050037000000000003003700000000001f
:1093d80001003700000000000080fa0000000600cd
:1093e8000000fa000228a9002228a8000808a900fd
:1093f8002808a8000080fa00000006000000fa0013
:10940800c01e20008010880000202800001088005e
:109418000422ef00c0c22400040107000000eb0092
:10942800d02e89000000eb00c02e8900ecff070059
:109438000080fa00000006000000fa0001e2a9001e
:109448000228a9002228a9000808a9002808a900bc
:109458001022ef0000002100001088000422ef0015
:109468000080fa00000006000800fa0010079800c3
:10947800210798003207980010c0b300004f780009
:10948800d02e81000000e00019003a002e00900064
:109498000000e000160032003e0090000000e000ee
:1094a800130032009e009000f03f2000808f500093
:1094b8000f003e0011c0b3001e0090008efe070092
:1094c800ae009000112f8900be009000e12e8900a7
:1094d8000000eb00202f89000000eb00f02e89002f
:1094e800b1fe0700c2fe07000228a80002003700ec
:1094f8000040eb00004f78001e4078000080fa0022
:10950800000006000800fa001007980021079800dc
:109518003207980010c0b300004f7800d02e8100a9
:109528000000e0001a003a002e0090000000e00061
:10953800170032003e0090000000e00014003200e6
:109548009e009000f03f2000808f500010003e00e9
:109558008040eb001e00900067fe0700ae00900000
:10956800212f8900be009000f12e89000000eb0039
:10957800102f89000000eb00e02e89008afe07000a
:1095880092fe07009afe07000228a8000200370092
:109598000040eb00004f78001e4078000080fa0081
:1095a800000006000c00fa00100798002107980038
:1095b80032079800430798005407980010c0b3007a
:1095c800004f7800d02e81000000e0001e003a0015
:1095d8002e0090000000e0001b0032003e009000ca
:1095e8000000e000180032004e0090000000e0008b
:1095f800150032005e0090000000e000120032000a
:109608009e009000f03f2000808f50000e003e002a
:1096180011c0b3001e00900037fe0700ae00900096
:10962800112f8900be009000e12e8900ce00900025
:10963800212f8900de009000f12e89005afe0700d4
:109648000228a800020037000040eb00004f780015
:109658001e4078000080fa00000006000e00fa00a4
:10966800889fbe004007980052079800630798003b
:109678000040eb00004f78005e009000ee00900084
:10968800e00f5000e08f5800030032005e009000a9
:10969800ee0090000200370000102e00515f2000fd
:1096a80010079800210798004e0090001001be0096
:1096b800f069280011002000800f5100818f5900a7
:1096c800360036004e0090001001be000024240031
:1096d800f1002000800f5100818f59002f003e00bb
:1096e8004e0090000000e0002c0032001e009000a8
:1096f800ae00900009df07000200200003002400ec
:109708001be007000004be004e0090001000be00e1
:1097180002df07000001be000000200001f823005e
:1097280013e0070012622900b340230022df07007c
:109738000001be000800be00ece0070002002000a7
:10974800030024001cdf0700d6de0700300798005e
:109758003e009000e30f50001000360001e2a9001f
:10976800be009000811088004e0090001001be00dd
:1097780000a8210061002000800f5100818f59004e
:1097880002003a000122a800010037000122a900c6
:1097980001e2a80010c0b300004f78001e40780016
:1097a8004f04be000080fa00000006000200fa0024
:1097b800c12e8100010f78000000eb00c02e890047
:1097c8001e0078000080fa00000006000200fa007f
:1097d8000040eb00004f7800d02e81000000e00030
:1097e8000d003a00001080007f0060000000e000db
:1097f80009003a0020108000680060000000e000c6
:1098080005003a002110800000002400008060005c
:109818000000e0000200320010c0b300004f7800e2
:109828001e4078000080fa00000006000200fa00de
:10983800000f78001e0078000000e00002003200ef
:109848009e007800b18188000080fa0000000600c0
:109858000000fa000080fa00000006001100200055
:1098680011089800700040000008eb000000060096
:10987800e6874700889fbe008a9fbe008c9fbe0077
:109888008e1f780000057800f20545009b047800db
:109898006a044500700645006c004500f0b79f005b
:1098a800f406450075074500e600450081bf9f00a6
:1098b800e18f540015003a0018007800b0009000bd
:1098c800010001000004e000240032001c007800c0
:1098d800e20f5000f900320057003e000000e0009f
:1098e80096003a0051c5b300814e7800004f7800c9
:1098f800180078001001780002000100090e7800b5
:109908009b047800e18f5400ebff32000900e0006f
:1099180015003a0018007800a0009000010001002e
:109928000004e00010003200180078009000900059
:10993800010001006e01450092007800e28f50009e
:10994800ab00320015003e000100e00060003a0064
:1099580051c5b300814f5000220132009b047800aa
:109968000900e000ebff3200008280004008900010
:109978000000e00003003200a0189000e48f5000bf
:10998800490132004f0778004f06be004f05be0060
:109998004f04be006f00b10000000600e48f5000c5
:1099a800780032007d003900e58f50000300320056
:1099b8000009eb009b047800e9ff370074014500bb
:1099c8009240780053c5b30083cf50001100320095
:1099d800e2cf50000f003200814f500011003a00d2
:1099e8003a00900010407800fa4f500002013e0003
:1099f8000080fb00ca00900000004000008040008a
:109a0800900078000a007800010001009b047800ab
:109a1800d3ff370081c0ea0001497800814f500028
:109a2800efff320031c1b3000a00780016fd0700cd
:109a38009b047800caff3700e40f50007a00320018
:109a480081003900e50f500004003200800deb0062
:109a58006e0045000008eb00aeff370074014500ba
:109a68009240780050c5b30080cf50000c003200ff
:109a7800e2cf50000a003200180078001001780088
:109a88000200010018007800d000900001000100d9
:109a9800800deb006e0045000008eb009dff3700cd
:109aa80081c0ea00014978001800780010017800a8
:109ab8000200010018007800d000900001000100a9
:109ac800800deb006e0045000008eb0091ff3700a9
:109ad800e18f5000b6ff3a000004e000b4ff320006
:109ae800da409000814f5000e7003e00f400450046
:109af80053c5b3008348400040459800f500450031
:109b08008048eb002100200001097800834078009c
:109b1800814f500002003200e24f50008fff3a00a0
:109b280026f0b70020002000208188004000200097
:109b3800000978009b04780089ff3700e10f500086
:109b4800c2ff3a00e4044500994078009dce4000e9
:109b58001800780010017800020001001940780010
:109b680051c5b300814f500097003200e24f5000ba
:109b78009500320020002000000e78009b04780039
:109b88004bff37000004e00069003a0020818000a4
:109b9800000978009b04780071ff3700f400450045
:109ba80091484000f50045009181fb003a02900081
:109bb80083014200804978009141e8008348780099
:109bc800ca40900081cf51004d00390051c5b30003
:109bd800814f50008d003200e24f50008b00320060
:109be80050002000000978009b0478005cff3700d3
:109bf800ca48900080cf50006dff3a0074004500bd
:109c080010c8400050c5b30080cf50009600320005
:109c1800e2cf5000940032003000200000097800a4
:109c28009b0478004eff3700180078001001780078
:109c38008040eb000200010023818000030e7800c1
:109c48009b0478001aff37009e80fb000fb897002e
:109c5800908040001d417800914e41001800780026
:109c68001001780091407800020001009e407800c1
:109c78000180fb008001e8004a4190000281fb005e
:109c8800828f51003c0035008fb9970013004000c7
:109c98001040780052c5b300824f50006a0032006d
:109ca800e24f50006800320050002000000e78009b
:109cb800014fe8009b047800fdfe37007fb1970054
:109cc800924078009dce400018007800100178007e
:109cd80002000100ffb197001340780051c5b3009e
:109ce800814f500031003200e24f50002f00320007
:109cf80030002000000e78009b047800ecfe37004e
:109d080051c5b300814f500002003200e24f5000ad
:109d1800c1ff3a0026f0b7003000200020818800fb
:109d280040002000000978009b0478000cff3700f1
:109d380051c5b300630221009341780081cf5100df
:109d48001bff3a00da409000814f50004e003e0061
:109d5800f400450053c5b3008348400040459800cf
:109d6800750045000048eb0020002000000978003d
:109d78009b047800fafe37000fb9970012004000e4
:109d88001040780052c5b300824f500026003200c0
:109d9800e24f50002400320030002000000e78000e
:109da800014fe8009b047800c1fe370026f0b70099
:109db800300020002081880040002000000e78003c
:109dc8009b047800bafe370026f0b7002000200078
:109dd8002081880040002000000e78009b04780055
:109de800b3fe3700405598001000200000097800a5
:109df8009b047800dafe370011c2b3000a0078002d
:109e080021fc07009b047800d5fe370026f0b70038
:109e180050002000208188004000200000097800c0
:109e28009b047800cefe370026f0b70030002000f3
:109e38002081880040002000000e7800014fe800d3
:109e48009b0478009afe370026f0b70050002000e7
:109e58002081880040002000000e7800014fe800b3
:109e68009b04780092fe37006002210001487800c8
:109e78003000200020818800400020000009780080
:109e88009b047800b6fe37000009eb003a0090000a
:109e98000048eb0051c1b3000a007800fafb070044
:109ea8009b047800aefe3700a0c490008984fb00b4
:109eb800e384440018007800c0009000010001000d
:109ec8000080fb00808f540007003d000082800066
:109ed80040089000e1032000808040006018900056
:109ee800910f10000d0031004081800051818000e9
:109ef80061004000e080480040818800518188006e
:109f08004f0778004f06be004f05be004f04be0045
:109f18006f00b10000000600a0fe37008008eb00cb
:109f2800180078001001780021c0b3000200010079
:109f38001800780001828000c1089000a1c090003c
:109f48001001780002000100180078006c05450037
:109f58009a4078001001780002000100180078008b
:109f680001828000c10890008120900010017800d3
:109f7800020001001800780001828000c1089000ea
:109f880081209000c808de0010017800020001005e
:109f980000828000c0089000a1c590009ac54500c5
:109fa8008bc5e8008120900081c54500c808de0007
:109fb80081c545008006eb008004eb000d07e80032
:109fc800f28646000e064700400890000c0040004c
:109fd80010804400104578001800780010017800bf
:109fe8008a407800020001008ac545008904e8001b
:109ff80000828000c00890000d8140001281fb00a3
:10a00800828f5400f0ff39008e067800b1789000f6
:10a018008180fb00818f5600e7ff3900e2cf5500b1
:10a028000b00320018007800100178008b4078008f
:10a03800020001004f0778004f06be004f05be0022
:10a048004f04be006f00b1000000060053fe370049
:10a05800dbcfb30018007800100178008b4078003f
:10a0680002000100f3ff37003100980052409800c9
:10a078004348980080007800c2c324008218780002
:10a0880022c32400820878008000eb00720140009f
:10a09800010978006e004000010878000000060001
:10a0a8000200fa00000f78001e007800e30f50004d
:10a0b80003003a0097e3a800000000000100370001
:10a0c800000000000080fa00000006000400fa000a
:10a0d800000f7800110798001e007800e30f500069
:10a0e80004003a009e009000d11d88000000000086
:10a0f80001003700000000000080fa0000000600a0
:10a108000400fa00000f7800110798001e0078007c
:10a11800e30f500004003a009e009000011e8800e2
:10a128000000000001003700000000000080fa0075
:10a13800000006000000fa0008cba8000080fa0022
:10a14800000006000400fa00100798000000eb0069
:10a15800000f78001e009000e20f5000140032003b
:10a16800e20f500005003e000000e0000a00320047
:10a17800e10f50000b00320019003700e40f5000c7
:10a1880011003200e40f50000c003900e50f5000b8
:10a19800100032001200370061608000010f780063
:10a1a8000f00370071608000010f78000c00370045
:10a1b80081608000010f78000900370091608000fd
:10a1c800010f780006003700a1608000010f7800b9
:10a1d80003003700f1608000010f780000000000e4
:10a1e8001e0078000080fa00000006000400fa0053
:10a1f800100798000040eb00004f78001e00900008
:10a20800e20f500022003200e20f500005003e002d
:10a218000000e0000a003200e10f50001200320096
:10a2280043003700e40f50002d003200e40f5000c7
:10a2380021003900e50f5000330032003c003700a0
:10a248008059800000800a00000000000080fb00a8
:10a2580000f0a7000000ea000000ea004f00de005e
:10a26800004f7800320037008059800011800a00c2
:10a27800000000000080fb0000f0a7000000ea00da
:10a288000000ea004f00de00004f78002800370089
:10a298008059800022800a00000000000080fb0036
:10a2a80000f0a7000000ea000000ea004f00de000e
:10a2b800004f78001e0037008059800033800a0064
:10a2c800000000000080fb0000f0a7000000ea008a
:10a2d8000000ea004f00de00004f7800140037004d
:10a2e8008059800044800a00000000000080fb00c4
:10a2f80000f0a7000000ea000000ea004f00de00be
:10a30800004f78000a0037008059800099800a00c1
:10a31800000000000080fb0000f0a7000000ea0039
:10a328000000ea004f00de00004f78000000000047
:10a338001e4078000080fa00000006000000fa00c5
:10a34800100020009080880002070700fe06070022
:10a358000080fa00000006001a00fa00881f780042
:10a36800810807008e080700201a2500210507002c
:10a37800cb0407003000200049ff07005baea800af
:10a3880022aea8000000eb00000f78000b00370099
:10a3980000000000908080000000e000fdff320017
:10a3a8001e007800800078003000200047ff07007a
:10a3b8001230ef00810c20001e8f40001e00780034
:10a3c800cf80de00d2db070018c0b30002002000f7
:10a3d800a34f2400afdb07000000e00001003400b9
:10a3e8000044eb000804e000e9ff3a000e80e800b2
:10a3f80023c0b30002c1b30071c2b3000c0407004c
:10a408000e80e80011c0b300f90307000e80e800d1
:10a418000041eb008040eb00d50307000e80e80008
:10a4280001612a00ac0307000e80e80012c0b300e7
:10a4380041c0b300ce0307000e80e80001622a0085
:10a44800a503070000202c00b1be200075080700f6
:10a45800017d20003000200029ff070035ff07009c
:10a468001000200061ff07000004e0000e00320029
:10a478001000200033ff0700008088000080800063
:10a488008000eb00a5db07000200200003f023009a
:10a4980096dd070083db0700000078008000780065
:10a4a8003000200009ff0700200020004fff0700b0
:10a4b8000004e000100032002000200021ff070007
:10a4c8008000eb0095db07007080880081808800a1
:10a4d80070808000818080002206210083f923009b
:10a4e80082dd0700f226210033a823007fdd070064
:10a4f8007080880081808800300020003bff0700c2
:10a508000004e00013003200300020000dff0700b7
:10a518008000eb0081db07003080880041808800e4
:10a52800308080004180800042e12a00f31024003e
:10a538006edd0700f226210033a823006bdd07003b
:10a54800628f2200c3f123009bdb07003080880064
:10a55800418088004000200024ff07000004e0003c
:10a568001000320040002000f6fe07008000eb00db
:10a578006adb070050808800618088005080800076
:10a588006180800022b0220073c8230057dd0700d5
:10a59800f2282c0053cf230087db07005080880067
:10a5a800618088005000200010ff07000004e000d0
:10a5b8001300320050002000e2fe07008000eb008c
:10a5c80056db0700108088002180880010808000fa
:10a5d8002180800062662600e309240043dd07002d
:10a5e800f226210033a8230040dd070082eb21007a
:10a5f80053fa230070db0700108088002180880050
:10a608000e80e800460307000e80e8000041eb00da
:10a618008040eb00560307003280800043808000b2
:10a62800108080002180800069024700829fbe0060
:10a63800809fbe0090622a00801f78000400780086
:10a6480075df0700ea875700e90047000e80e80039
:10a65800210307000e80e80012c0b3008040eb0021
:10a668004303070072808000838080005080800050
:10a678006180800069024700829fbe00809fbe0003
:10a6880090632a00801f78000400780062df0700ca
:10a69800ea875700e90047000e80e8000e0307002c
:10a6a80000102e00515f2000de0707006bff370007
:10a6b8000000fa003822ef0000802000d011880046
:10a6c80000082000e0118800e0022000f011880056
:10a6d80040362000001288004222ef0039e2a8002c
:10a6e80038a2a8003882a8000080fa0000000600fe
:10a6f8000000fa003822ef003a22ef00000820009c
:10a70800e0118800e0022000f01188004022ef00ec
:10a718004222ef000080fa00000006000000fa0064
:10a7280000000000f0118000620060000000e000fe
:10a73800fcff3a00e0118000620060000000e000c9
:10a74800010032003c22a90020128000004078005d
:10a758000080fa00000006000200fa00004f7800ae
:10a7680000000000f0118000700060000000e000b0
:10a77800fcff3a001e80fb00401288000080fa00af
:10a78800000006000000fa00f0118000620060007e
:10a7980000f0a7000000ea000000e9004f00de001a
:10a7a800004078000080fa00000006000000fa006f
:10a7b800f0118000700060000000e00007003a001f
:10a7c800c111800000022000008060000000e0004d
:10a7d8000200320010002000010037000000eb00ea
:10a7e800004078000080fa00000006000000fa002f
:10a7f800e111800000082000008060000000e000f7
:10a8080007003200f1118000000220000080600083
:10a818000000e000020032001000200001003700b4
:10a828000000eb00004078000080fa0000000600fd
:10a838000000fa0038a2a8000080fa000000060014
:10a848000000fa0038a2a9000080fa000000060003
:10a858000200fa00004f78005cc2a9001e80fb00cd
:10a86800610060004200dd00e11280000120a100cb
:10a8780001007000e01288001e80fb00610060008b
:10a888004600dd00c11180000160a10001007000d8
:10a89800c01188000080fa00000006000000fa00dd
:10a8a800c011800066800a00000000000080fb00e4
:10a8b80000f0a7000000ea000000ea004f00de00f8
:10a8c800004078000080fa00000006000000fa004e
:10a8d800e012800022800a00000000000080fb00d7
:10a8e80000f0a7000000ea000000ea004f00de00c8
:10a8f800004078000080fa00000006000000fa001e
:10a908003e30ef00e0118000680060000000e000c9
:10a9180003003200f08180000000a000f081880070
:10a92800e111800000042000008060000000e000c9
:10a9380003003200f08180000010a000f081880040
:10a94800e0118000620060000000e00004003200b6
:10a95800f08180000020a000f08188003c22a9003e
:10a96800e0118000610060000000e0000400320097
:10a97800f08180000030a000f08188003c02a9002e
:10a98800e111800000022000008060000000e0006b
:10a9980004003200f08180000040a000f0818800af
:10a9a8003ca2a900f08180000080fa0000000600a7
:10a9b8000400fa00008fbe001e0078000012880014
:10a9c8001e00be004008de00000078006f00600036
:10a9d800101288000080fa00000006000400fa0047
:10a9e800101280008000eb00008fbe001e00be0029
:10a9f800c001dd0002002000001280008000eb0092
:10aa0800001f7100019771001e00be000080fa004f
:10aa1800000006000800fa00200798003107980097
:10aa28002e019000be019000e005200001002000ea
:10aa3800800f5100818f59000e0036002e009000c3
:10aa4800be009000e00f5000e08f5800090032006f
:10aa58003b62a80038e2a9002e019000be019000d8
:10aa680000102e00515f200043da0700008fbe005f
:10aa7800280037002e019000be01900070012000d0
:10aa880001002000800f5100818f5900110036000d
:10aa98003b62a90038e2a8002e019000be01900098
:10aaa8004218dd00ce10de00810070004210dd008b
:10aab8000001be0000102e00515f20002eda0700b2
:10aac8000081eb008081eb00021f400003974800e3
:10aad800100037003b62a90038e2a9002e0190005f
:10aae800be0190004418dd00cc10de00810070002b
:10aaf8004410dd000001be0000102e00515f200050
:10ab08001dda07000081eb008081eb00021f400086
:10ab1800039748001e007800001288001e00be003f
:10ab28004008de00000078006f0060001012880006
:10ab38000080fa00000006000800fa00a7ff0700de
:10ab48002007980031079800d1118000008020006c
:10ab5800008060000000e0000c0032002e00900031
:10ab6800be009000e00f5000e08f58000700320050
:10ab78002e019000be01900000102e00515f2000b1
:10ab8800fdd90700008fbe0020003700c1118000ea
:10ab980000082000008060000000e0000e00320085
:10aba8002e009000be00900061014000e081480046
:10abb8004218dd00ce10de00810070004210dd007a
:10abc8000001be0000102e00515f2000ead90700e6
:10abd800008fbe000d0037002e009000be009000d0
:10abe80061014000e08148004418dd00cc10de001f
:10abf800810070004410dd000001be0000102e002e
:10ac0800515f2000dcd90700008fbe001e00be0087
:10ac18000080fa0000000600889fbe00000478004b
:10ac2800e6044400190178008280e8009181fb0065
:10ac3800c819dd00124090000080fb000080410030
:10ac48001003780005828000550178009201780091
:10ac58000001eb00868f51000f0032000300e00076
:10ac68000d003200c20020009501410093017800d8
:10ac7800868f5100080032006c0241000300e0009a
:10ac88000500320004017800950141009301780025
:10ac9800868f5100f8ff3a00150141001200e000cc
:10aca8000b0032003201900002000100e400440071
:10acb80080c8e8001900e8000048eb009800900000
:10acc80008007800010001004f04be0000000600e3
:10acd80011c4b300080078006bf807004f04be00e9
:10ace80000000600faff3700889fbe008a1f780020
:10acf80000047800e604440099007800214190009f
:10ad08004811dd00114090000080fb000000410068
:10ad180010037800058280005501780092017800c0
:10ad28000001eb00868f51000f0032000300e000a5
:10ad38000d003200c2002000950141009301780007
:10ad4800868f5100080032006c0241000300e000c9
:10ad58000500320004017800950141009301780054
:10ad6800868f5100f8ff3a00950141001300e0007a
:10ad780019003200640544001a4278006341520009
:10ad8800e3804000c3019000030001000004e000dc
:10ad98000a003a0021c0b300014d78009900e8008c
:10ada80080487800980090000800780001000100b1
:10adb8004f0578004f04be000000060041c1b300f3
:10adc8000800780030f807004f0578004f04be00ef
:10add80000000600f9ff370011c4b300080078002e
:10ade80029f807004f0578004f04be000000060050
:10adf800f2ff3700889fbe00e6014000130178008b
:10ae080032449000424390008882fb008583e8002a
:10ae1800504290000482fb0051c1b300848f53005c
:10ae28000c003e00224290004822dd009240900033
:10ae38008180fb0001024200e24f5300080032000b
:10ae4800e44f53003000320041c1b300e14f5300da
:10ae5800220032000cf807004f04be000000060074
:10ae68000500e000140032008000eb008180e8005b
:10ae7800010141001449780013814000340378002f
:10ae88004833de0016419800818f52000a003600d0
:10ae9800130178008180e80001014100144978001d
:10aea80013814000340378004833de0016419800cf
:10aeb800818f5200f6ff3e00e400400088c8e80099
:10aec8009300e8008048eb0090009000010001002a
:10aed8004f04be0000000600e1ff37000500e00057
:10aee800f5ff32008000eb00010141003443780097
:10aef800264198008100e800818f5200eeff36005d
:10af080013017800f8ff37000500e000eaff32007f
:10af18008000eb0001014100944478002941980029
:10af2800138140001403be00c83cdd004833de0036
:10af380006837400c83bde0036419800e480400078
:10af48001383400004017800d2037800074b78008f
:10af5800138340001241900012439800640242009b
:10af6800818f5200d4ff360013017800e9ff3700c3
:10af7800889fbe008a9fbe008c1f7800000678005c
:10af8800660246009404780099439000a942900014
:10af98006404460018407800e441500039419000ac
:10afa8008381fb000283fb00050009008681d8002d
:10afb800010378000600e00009003a00c82add0015
:10afc8008783fb0087824200e24f51003f00320036
:10afd800e44f510009003200e14f510030003200c7
:10afe80041c1b3000c007800a7f707004f067800ae
:10aff8004f05be004f04be0000000600c219de0067
:10b008001b003200e48044000001eb000201e8006c
:10b01800114590000a85fb008005eb00485bdd00c8
:10b02800c853de00870373004853dd0021459000b4
:10b038008a85fb000a0020000605450087854d002b
:10b048001183fb008003eb000a0543008b854b004e
:10b0580031439000c833dd0006002000861a450001
:10b06800879a4d00e4804000830f5100e7ff3900c4
:10b0780021c0b300014c78009400e8008048eb0040
:10b088009c0090000c007800010001004f06780039
:10b098004f05be004f04be0000000600d7ff370072
:10b0a8000300e000f2ff32000001eb008280440060
:10b0b800c1409000815a78000201e800830f5100d6
:10b0c800ebff310094047800f8ff37008301d100ca
:10b0d800e7ff3200e48044000001eb009143900058
:10b0e800c83bdd001183fb00869a43000201e8009b
:10b0f8008180e800828f5100ddff36009143900087
:10b10800c83bdd001183fb00869a43000201e8007a
:10b118008180e800828f5100f0ff3e00d4ff3700a5
:10b1280040009000e16f250011089800016125009a
:10b13800710098008167250001089800000006004a
:10b1480040009000c17b25002108980000000600ff
:10b158000600fa0010079800414798001e0090006a
:10b16800e04090004e40900000c07000004f780012
:10b17800000000001e009000104078000080fb00d6
:10b18800120020008e007800b7f807000004a20023
:10b198000004e000f7ff3a00000000008bf9070008
:10b1a8000004e000fdff3a000080fa0000000600fd
:10b1b8000400fa00000f7800214798002e40900004
:10b1c8000024a000804078001e007800e0ff0700ff
:10b1d8004006200001002000120507002e409000c4
:10b1e8000024a100804078001e007800d8ff0700e6
:10b1f80080382100010020000a0507000080fa00bd
:10b20800000006000400fa00000f780021479800ab
:10b21800ae4090001e007800cdff0700ae409000c1
:10b228001e007800e2ff07000080fa000000060018
:10b238000400fa00000f7800214798003247980070
:10b24800ae40900000cfb30080c060003e40900048
:10b2580000c07000804078001e007800e9ff0700f9
:10b268002e4090000080fb004400dd008040780004
:10b278003e40900000c07000804078001e007800ba
:10b28800e0ff07000080fa00000006000400fa0052
:10b29800000f7800214798000041eb00ae40900075
:10b2a8001e007800e2ff07000080fa000000060098
:10b2b8000400fa00000f7800214798002e40900003
:10b2c80012c0b300804078001e007800d8ff070045
:10b2d8000080fa00000006000400fa00000f780061
:10b2e80011079800080037001e00900010407800f1
:10b2f8009e0090008100e8001107980080407800c7
:10b308001e007800eaff07001e0090001040780039
:10b318000004e000f4ff3a000080fa000000060094
:10b328000200fa00000f780011c0b3001e00780078
:10b33800d6ff070000d4200031002000b904070020
:10b348000080fa00000006000200fa00000f7800f2
:10b3580021c0b3001e007800ccff070000d42000f5
:10b3680031002000af0407000080fa00000006004a
:10b378000400fa00000f780021479800324798002f
:10b388001e007800204090000004e0001500320004
:10b398001e007800a04090003e40900080cf5000f2
:10b3a80004003e001e007800204090000040e900a4
:10b3b800304798003e4090000080fb0001712a0051
:10b3c80000804000904078002e40900000c040006f
:10b3d8000074a000804078001e007800abff0700d2
:10b3e80001003700000000000080fa00000006009d
:10b3f8000400fa00000f7800214798002e409000c2
:10b408000004e0000200320080c0b30001003700f1
:10b418000040eb009e007800e04098008040eb0080
:10b428001e0078004aff07000080fa0000000600ae
:10b438000600fa00000f780021479800324798006c
:10b44800434798001e007800ae40900001487800fd
:10b458001e007800be409000114098001e00780041
:10b46800ce409000214098001e00780081c0b300b3
:10b47800614098001e0078008040eb003140980041
:10b488004e409000e14f5000060036001e00780044
:10b4980030409000804078000134a0001e00780001
:10b4a8003140980000b42400c10420005d04070066
:10b4b8008040eb001e00780025ff070000b4240040
:10b4c800c10420005704070001c3b3001e00780020
:10b4d8004cff070000122a007100200051040700e9
:10b4e80001c3b3001e00780046ff070080a92300af
:10b4f800010020004b04070001c3b3001e007800c0
:10b5080040ff070080a92300010020004504070030
:10b5180001c2b3001e0078003aff07001e00780041
:10b52800304090000054a000804078001e00780051
:10b5380056ff07001e00780041c0b3004140980044
:10b548001e007800404090000034a0008040780041
:10b558001e0078004dff07001e00780070ff0700ee
:10b568001e00780021c0b300514098001e007800ea
:10b57800504090000024a000804078001e00780011
:10b5880042ff07001e0078006fff07000080fa00e6
:10b59800000006000000fa00814a80000002200036
:10b5a800008060000000e00009003200304b80009d
:10b5b8008000eb00c001dd0002002000204b80006d
:10b5c8008000eb00000071008180710002003700ec
:10b5d800204b80008000eb000080fa00000006008d
:10b5e8000000fa0000022000804a88005229ef007b
:10b5f8005429ef005629ef005a29ef005c29ef0083
:10b608006029ef006229ef00f0372c00204b8800fa
:10b61800901c2000304b88006829ef006c29ef004f
:10b628007029ef007229ef0020c225007100070081
:10b6380000e8a90020e8a80051e9a8000080fa0065
:10b64800000006000000fa0051e9a90000e8a9007e
:10b6580020e8a9005029ef005229ef005429ef00f3
:10b6680000102000b04a88005a29ef005c29ef003a
:10b678006029ef006229ef000080eb00204b880072
:10b688000080eb00304b88006829ef006c29ef0040
:10b698007029ef007229ef000080fa000000060010
:10b6a8000000fa0000e8a90020e8a80051e9a80075
:10b6b8000080fa00000006000000fa0051e9a90025
:10b6c80000e8a90020e8a9000080fa0000000600b0
:10b6d8000400fa00008fbe00f0ff2f0001002000d8
:10b6e8001e01be00800f5100818f590008003600ee
:10b6f8001e007800204b88001e00be004008de00b7
:10b7080000007800304b880050a9a80003003700db
:10b718001e007800204b880050a9a9000080fa007c
:10b72800000006000600fa00814a8000000220009e
:10b73800008060000000e0001b003200014b800028
:10b74800010f7800114b800011079800014b800011
:10b75800210798002e0090009e0f5000090031002c
:10b76800104b80008000eb00c001dd0002002000cb
:10b778002e0090008000eb000000710081807100b5
:10b788000b0037001e0090008000eb00c001dd00b8
:10b79800020020002e0090008000eb0000007100e5
:10b7a8008180710002003700004b80008000eb00b0
:10b7b8000080fa00000006000200fa00000f78007e
:10b7c8001e00780000407800674060000080fb00a1
:10b7d800670060004c00dd0012428000f1ff280085
:10b7e8008100610001007000104288000080fa00aa
:10b7f800000006000200fa00000f78001e00780022
:10b808000000e000020032009e007800e18188001c
:10b818000080fa00000006000200fa00000f78001d
:10b828001e0078000000e000020032001e007800d0
:10b83800e08188000080fa00000006000000fa009d
:10b848000080fa00000006000400fa0010079800c3
:10b858000040eb00004f78001e0090000000e00060
:10b8680002003d0010c0b300004f78001e40780071
:10b878000080fa00000006000400fa001007980093
:10b888000040eb00004f78009e009000000024006c
:10b89800008060000000e0000200320010c0b30029
:10b8a800004f78001e4078000080fa000000060073
:10b8b8000400fa00100798000040eb00004f7800e1
:10b8c8009e00900000202000008060000000e00042
:10b8d8000200320010c0b300004f78001e4078000c
:10b8e8000080fa00000006000400fa001007980023
:10b8f8000040eb00004f78009e00900000082000f8
:10b90800008060000000e0000200320010c0b300b8
:10b91800004f78001e4078000080fa000000060002
:10b928000400fa00100798000040eb00004f780070
:10b938009e00900000042000008060000000e000ed
:10b948000200320010c0b300004f78001e4078009b
:10b958000080fa00000006000400fa0010079800b2
:10b968000040eb00004f78001e009000700060005f
:10b978000000e0000200320010c0b300004f780061
:10b988001e4078000080fa00000006000200fa005d
:10b99800000f78009e80ea00007c80000080600034
:10b9a800007c88000080fa00000006000000fa0011
:10b9b800007c80000080fa00000006000200fa0007
:10b9c800faff0700000f78001e0078009eff0700ae
:10b9d8000004e0000200320000002800ebff07002e
:10b9e8001e007800a4ff07000004e00002003200f7
:10b9f80000002400e5ff07001e007800acff0700e8
:10ba08000004e0000200320000202000dfff0700f1
:10ba18001e007800b4ff07000004e00002003200b6
:10ba280000082000d9ff07001e007800bcff0700af
:10ba38000004e0000200320000042000d3ff0700e9
:10ba48001e007800c4ff07000004e0000200320076
:10ba580000012000cdff07000080fa00000006006a
:10ba68000000fa00802fef000080fa0000000600b6
:10ba78000000fa00c3e8a800000000000000000071
:10ba88000080fa00000006000000fa00c3e8a900e0
:10ba980000000000000000000080fa00000006001e
:10baa8000000fa00f8ff07006e020700f0ff070029
:10bab80040e325006100070025a8a8000080fa00df
:10bac800000006000000fa0000002800e0028800dc
:10bad8000080fa00000006000000fa0000002400c0
:10bae8000003880010c0b30014f0b7000080fa000b
:10baf800000006000000fa001470ef0000000000cb
:10bb080040038000610060000000e000fcff32009c
:10bb180080002000200388000080fa000000060052
:10bb28000200fa000040eb00004f7800400380005c
:10bb380061006000004078000004e000020032006c
:10bb480010c0b300004f78001e4078000080fa0053
:10bb5800000006000000fa0014d0bf000080fa00c0
:10bb6800000006000400fa006000b800008fbe0064
:10bb7800b00380008000eb00c000dd000000200062
:10bb8800008fbe00a00380008000eb003e01700023
:10bb9800ae8170000200be000080fa0000000600be
:10bba8000400fa006000b800008fbe00d0038000d7
:10bbb8008000eb00c000dd0000002000008fbe0008
:10bbc800c00380008000eb003e017000ae81700071
:10bbd8000200be000080fa00000006000200fa0021
:10bbe8000000eb00000f780041038000100e2000d9
:10bbf800008f60001e0078000080fa000000060038
:10bc08000400fa006000b800008fbe0070038000d6
:10bc18008000eb00c000dd0000002000008fbe00a7
:10bc2800600380008000eb003e017000ae81700070
:10bc38000200be000080fa00000006000200fa00c0
:10bc4800000f78001e0078000000e00002003200bb
:10bc58009e007800d18088000080fa00000006006d
:10bc68000000fa000080fa0000000600000006004c
:10bc780000000600000005000280fb000000ea004a
:10bc88004f00de000000060000000500804078003c
:10bc9800f0c7b30002c8b30082cf500003003200df
:10bca8000100fb0000f0a7000000ea000000060009
:10bcb80001002800810f50000300320000f0a700a7
:10bcc8000000ea0000000600f0ff27000000060060
:10bcd8000200200003002800820f5000838f5800c4
:10bce8000b0032000001be00e00f5000e08f58004a
:10bcf800020035000200be000000060060011000ce
:10bd0800e08118000200be0000000600fbff3700bb
:10bd1800f2ff2f00f3ff27000200be00000006001c
:10bd2800f6ff37006022b800060020000700280050
:10bd38000400e1000588e1000690e1000798e100b1
:10bd4800140032000203be000002be00e00f5000e3
:10bd5800e08f5800e00f5900e08f590003003500cc
:10bd68000400be000601be00000006006000b80026
:10bd78006011b8000402500085825800060359007b
:10bd8800878359000400be000601be0000000600bb
:10bd9800f6ff3700f4ff2f00f5ff2f00f6ff2f0006
:10bda800f7ff27000400be000601be0000000600e1
:10bdb800eeff3700889fbe000004be006011b80087
:10bdc80034d507000000e00001003d0009f0a200a2
:10bdd8008801780009017800030078008200780063
:10bde8004f04be0000000600889fbe008a9fbe0068
:10bdf8000004be000205be006022b8006033b8002f
:10be08001ad507000000e00001003d000bf0a20079
:10be180088037800090378008a0278000b0278000a
:10be28000700780086007800050178008401780012
:10be38004f05be004f04be00000006000140780018
:10be480011818000010401000081800000040100cc
:10be5800f080800000040100e08080000004010000
:10be68000000fa00889fbe008a1f78000004be0008
:10be7800ed000700e03f2200a501070013c0b30052
:10be880000c1eb00a1402200803e220076f80700a6
:10be98008a3e22000a00780001f407000a007800b0
:10bea80008f407000a0078009dfc07000a007800e3
:10beb800a3fc07000a00780002010700e13f220006
:10bec8000a007800a001070000828000110020000d
:10bed80031009800f487470074855700fa0057002e
:10bee80008000900311d7800315d78003a01b10081
:10bef80089007800e101070000828000416b2a0078
:10bf080011009800c16c2a000108780020f2250071
:10bf1800f01f890080f2250000208900c0f225006a
:10bf28001020890000f325002020890008007800ef
:10bf3800d80107008a0778004f0578004f04be0033
:10bf48000080fa0000000600803e22009000780081
:10bf580001040100d20137001081880001818800a6
:10bf6800f2808800e38088000000060021f22500a6
:10bf78000108780081f2250011009800c1f225001f
:10bf88002100980001f32500310098000000060008
:020000040000fa
:10bf98002c1000000600000080000000d8250000da
:10bfa80010000000800000003610000002000000b1
:10bfb800800000003810000002000000800000002f
:10bfc8009a25000020000000800000003a100000c0
:10bfd8000200000082000000ffff00003210000095
:10bfe8000400000080000000141000000800000099
:10bff800800000003c1000000200000080000000eb
:10c008003e10000002000000800000004410000004
:10c0180088130000800000000010000014000000d9
:10c0280080000000cc2300003e01000080000000da
:10c03800401000000200000082000000cc23000035
:10c048001c10000008000000800000000a25000005
:10c058005a0000008000000064250000360000003f
:10c06800800000002410000008000000800000008c
:10c07800421000000200000080000000e8250000d7
:10c088001000000082000000494e460000696e0062
:10c0980066004e00414e00006e616e000000000018
:10c0a800ba2500001e00000082000000286e69000a
:10c0b8006c29000025006800076c09004c836a00a1
:10c0c8009074a0007ac000008068880000846c002a
:10c0d80082008100f82500000200000080000000b6
:04c0e8000000000054
:020000040000fa
:10c0ec000000fa00217c80000000270080806000a6
:10c0fc0000002100808f500006003200217c80005f
:10c10c00000027008080600000002300808f50001a
:10c11c0016003a0085cfbf008080fb0080ff2f0007
:10c12c000081600080072000a109200053f8200046
:10c13c0080497800814978008249780012002000fb
:10c14c00600420007105200043f82000804978002d
:10c15c00814978008249780000000000207c800032
:10c16c00610060000000e000fcff3a0010002300ba
:10c17c00307c880020032000407c88008c2fef004e
:10c18c0010012000507c8800b82fef00ba2fef0070
:10c19c00be2fef00002def00a02fef00a42fef001b
:10c1ac00a62fef00a82fef00aa2fef00ae2fef0065
:10c1bc00b02fef00b22fef001200200080072000fc
:10c1cc00a109200053f820008049780081497800ab
:10c1dc0082497800120020006004200071052000c4
:10c1ec0043f8200080497800814978008249780022
:10c1fc0000000000207c8000610060000000e00076
:10c20c00fcff3a0000000000217c800000022000ae
:10c21c00008060000000e000fbff32000080fa00ac
:10c22c00000006000000eb000182800080187800fe
:10c23c008008780001828000e4804000800878004b
:10c24c0001828000e6804000800878000182800036
:10c25c00e880400080087800018280006011b800fe
:10c26c00d2009800e300980001828000ee8040002c
:10c27c008008780001828000f080400080087800ff
:10c28c0001828000f28040008008780001828000ea
:10c29c00f48040008008780001828000f680400025
:10c2ac008008780001828000f880400080087800c7
:10c2bc0001828000fa8040008008780000000600af
:10c2cc00038280006e81410092007800e18f500063
:10c2dc0001003600000006006882400004024200a3
:10c2ec0084814100800978000109e8000000060003
:10c2fc000000fa00b1428000f0f82f0000806000ce
:10c30c000040a000b04288000143800080ff2f0055
:10c31c00008060000000a0000043880041428000c3
:10c32c00f0f82f00008060000040a0004042880020
:10c33c0011428000f0ff28000080600000c0a000c7
:10c34c00104288000080fa00000006000000fa008d
:10c35c00b1428000f0f82f00008060000060a00067
:10c36c00b04288000143800080ff2f0000806000f5
:10c37c000020a0000043880041428000f0f82f000c
:10c38c00008060000060a0004042880011428000e4
:10c39c00f0ff28000080600000e0a0001042880040
:10c3ac000080fa00000006000000fa00062eef00e4
:10c3bc00222eef003e2eef005a2eef00f00120004f
:10c3cc0010708800f03d2f00f0708800f0ff230003
:10c3dc00d071880020502000b07288000a2eef0027
:10c3ec00262eef00422eef005e2eef000c2eef00fb
:10c3fc00282eef00442eef00602eef00082eef00e9
:10c40c00242eef00402eef005c2eef00f0012000f8
:10c41c0000708800f0092000e0708800f00c20000b
:10c42c00c071880000402000a07288000080fa00d3
:10c43c00000006000000fe00045e02000000000088
:10c44c00821f7800b28080000000110002002000e2
:10c45c00810019004f017800000006000000fe006a
:10c46c00801f7800811f7800821f78006003800095
:10c47c00801f7800045e0200000000004f0178006d
:10c48c00020150000201e900b28088004f017800df
:10c49c00cf0078004f007800000006000200fa0080
:10c4ac00004f7800413485001e40780001000100e7
:10c4bc000080fa00000006000000fa00303485000d
:10c4cc00000001000080fa00000006000000fa00e5
:10c4dc0050348500000001000080fa0000000600c6
:10c4ec000000fa0060348500000001000080fa00b2
:10c4fc00000006000000060000000500000005001a
:10c50c000000050000000500000006008000780017
:10c51c00022826008218780022282600820878003b
:10c52c00412826002100980061282600310098003f
:10c53c008128260041009800a1282600510098006f
:10c54c000000060051009800000006000000fa00f0
:10c55c00c3e8a80000000000000000000080fa0002
:10c56c00000006000000fa00ddfe07008eff070049
:10c57c0076ea070049fd07009ff3070038ef070034
:10c58c0016fc070049f80700f0ff070058ff0700ea
:10c59c00020007000080fa00000006000000fa000c
:10c5ac0063272600c22626002126260040252600c9
:10c5bc0068fe0700f487470074805700c16f2a009b
:10c5cc000800090031187800315878003001b100aa
:10c5dc00110020008038210020fe0700f48757004e
:10c5ec000080fa00000006000200fa00000f78003c
:10c5fc009e007800d18188000000fe000080fa00c7
:10c60c00000006000000fa00a05922008007780004
:10c61c00205b2200000188000080fa000000060068
:020000040000fa
:10c62c00f03fb1000180b10006003500ee030900b7
:10c63c0000000000403fb1000180b100fbff3d0055
:10c64c001000b000203fb00002003500008009004f
:08c65c000000000000000600d0
:020000040000fa
:10c66400809fbe00ec8057003100780090818800e4
:10c674001100780034f0b7004f00be00000006003f
:10c684000000fa0021089800fa8057003108980049
:10c694000080fa000000060080007800a05022000c
:0cc6a4000ce43700a05022003de43700f9
:020000040000fa
:020000040001f9
:045e0000ffffff00a1
:020000040000fa
:020000040001f9
:045e2000ffffff0081
:020000040000fa
:020000040001f9
:045e300078ffff00f8
:020000040000fa
:020000040001f9
:045e38007bffff00ed
:020000040000fa
:020000040001f9
:045e4000ff7fff00e1
:020000040000fa
:020000040001f9
:045e4800ffffff0059
:020000040000fa
:020000040001f9
:045e5000dfffff0071
:020000040000fa
:020000040001f9
:045e58000000ff0047
:020000040000fa
:020000040001f9
:045e60000000ff003f
:020000040000fa
:020000040001f9
:045e68000000ff0037
:020000040000fa
:020000040001f9
:045e70000000ff002f
:020000040000fa
:020000040001f9
:045e7800ffffff0029
:020000040000fa
:020000040001f9
:045e8000f7fcff002c
:020000040000fa
:020000040001f9
:045e8800ffffff0019
:00000001FF
